[0m
> build · mimo-v2.5
[0m
[0m→ [0mRead .context/lane-briefs/BRIEF-web065-fix2-contrast.md
[0m
[0m$ [0mGet-ChildItem -Path "D:\apps\worktrees\decoded-ops-website\web065-tech-seo\.context" -Directory -Name | Where-Object { $_ -match '^\.' }
(no output)
[0m
[0m$ [0mgit -C "D:\apps\worktrees\decoded-ops-website\web065-tech-seo" grep -n "color:var(--do-cerulean)\|color: var(--do-cerulean)\|color: 'var(--do-cerulean)'\|text-cerulean\b\|--do-text-accent" -- app components lib 2>&1 | head -120
head: The term 'head' is not recognized as a name of a cmdlet, function, script file, or executable program.
Check the spelling of the name, or if a path was included, verify that the path is correct and try again.
[0m
[0m$ [0mgit -C "D:\apps\worktrees\decoded-ops-website\web065-tech-seo" grep -n "#a7b8c1\|#5c7d8c\|#678391\|#5a7d8f\|#486a7b" -- app components lib 2>&1 | head -60
head: The term 'head' is not recognized as a name of a cmdlet, function, script file, or executable program.
Check the spelling of the name, or if a path was included, verify that the path is correct and try again.
[0m
Let me start by scoping the work with the grep commands from the brief.
[0m$ [0mgit -C "D:\apps\worktrees\decoded-ops-website\web065-tech-seo" grep -n "afterInteractive" -- app 2>&1
app/layout.tsx:73:          strategy="afterInteractive"
app/layout.tsx:75:        <Script id="gtag-init" strategy="afterInteractive">
app/layout.tsx:84:          strategy="afterInteractive"
[0m
[0m$ [0mgit -C "D:\apps\worktrees\decoded-ops-website\web065-tech-seo" grep -n "color:var(--do-cerulean)\|color: var(--do-cerulean)\|color: 'var(--do-cerulean)'\|text-cerulean\b\|--do-text-accent" -- app components lib 2>&1
app/apps/commerce/page.tsx:368:          <p className="table-foot">What this costs depends on scope, so it&rsquo;s quoted once I know what your setup needs rather than read off a list. I&rsquo;m not VAT registered, so there&rsquo;s no VAT to add. How I price everything else is on the <Link href="/pricing" style={{ color: 'var(--do-cerulean)', fontWeight: 600 }}>pricing page</Link>.</p>
app/apps/proof/page.tsx:287:          <p className="table-foot">What this costs depends on scope, so it&rsquo;s quoted once I know what your setup needs rather than read off a list. I&rsquo;m not VAT registered, so there&rsquo;s no VAT to add. How I price everything else is on the <Link href="/pricing" style={{ color: 'var(--do-cerulean)', fontWeight: 600 }}>pricing page</Link>.</p>
app/apps/works/page.tsx:344:          <p className="table-foot">What this costs depends on scope, so it&rsquo;s quoted once I know what your setup needs rather than read off a list. I&rsquo;m not VAT registered, so there&rsquo;s no VAT to add. How I price everything else is on the <Link href="/pricing" style={{ color: 'var(--do-cerulean)', fontWeight: 600 }}>pricing page</Link>.</p>
app/blog/page.tsx:98:                    <span className="text-xs font-semibold uppercase" style={{ color: 'var(--do-cerulean)' }}>Checklist</span>
app/blog/page.tsx:108:                  <ArrowRight size={24} className="group-hover:translate-x-2 transition-transform" style={{ color: 'var(--do-cerulean)' }} />
app/case-studies/eternal-fitness/page.tsx:141:                  <CheckCircle2 size={20} style={{ flexShrink: 0, marginTop: 1, color: 'var(--do-cerulean)' }} />
app/contact/ContactClient.tsx:96:                    <Mail size={20} style={{ color: 'var(--do-cerulean)' }} />
app/contact/ContactClient.tsx:105:                    <Phone size={20} style={{ color: 'var(--do-cerulean)' }} />
app/contact/ContactClient.tsx:246:                    <Icon size={20} style={{ color: 'var(--do-cerulean)' }} />
app/d17-apps-cases.css:66:  letter-spacing:.14em; text-transform:uppercase; color:var(--do-cerulean); margin-bottom:2px }
app/d17-apps-cases.css:78:.tile .stock{ font-family:var(--do-font-mono); font-size:max(7.5px, calc(8.5 * var(--u))); letter-spacing:.1em; text-transform:uppercase; color:var(--do-cerulean) }
app/d17-apps-cases.css:148:.mq .r svg{ width:14px; height:14px; color:var(--do-cerulean) }
app/d17-apps-cases.css:190:.a943 .ph-row .l{ font-family:var(--do-font-mono); font-size:max(7px, calc(8 * var(--u))); letter-spacing:.14em; text-transform:uppercase; color:var(--do-cerulean) }
app/d17-apps-cases.css:327:.a946 .acct b{ font-family:var(--do-font-mono); font-weight:600; font-size:max(8px, calc(9 * var(--u))); letter-spacing:.12em; text-transform:uppercase; color:var(--do-cerulean) }
app/d17-apps-cases.css:334:.a946 .facets label.on i{ background:var(--do-cerulean); border-color:var(--do-cerulean) }
app/d17-apps-cases.css:336:.a946 .tile .pr b{ font-family:var(--do-font-mono); font-size:max(7.5px, calc(8.5 * var(--u))); letter-spacing:.1em; text-transform:uppercase; color:var(--do-cerulean) }
app/d17-apps-cases.css:341:.a946 .quote .l{ font-family:var(--do-font-mono); font-size:max(8px, calc(9 * var(--u))); letter-spacing:.14em; text-transform:uppercase; color:var(--do-cerulean) }
app/d17-apps-cases.css:364:.a948 .d17-doc li em{ font-style:normal; justify-self:end; font-family:var(--do-font-mono); font-size:max(6px, calc(9.5 * var(--u))); letter-spacing:.08em; color:var(--do-cerulean) }
app/d17-apps-cases.css:386:.d17-doc .figs--none li b{ font-family:var(--do-font-mono); font-weight:600; font-size:max(7px, calc(10 * var(--u))); letter-spacing:.1em; min-width:0; color:var(--do-cerulean) }
app/d17-apps-cases.css:461:[data-od-id="related"] .card .kicker{ display:block; font-family:var(--do-font-mono); font-size:11px; letter-spacing:.16em; text-transform:uppercase; color:var(--do-cerulean); margin-bottom:10px }
app/d17-apps-cases.css:521:.a954 .proj b{ display:block; font-family:var(--do-font-mono); font-size:max(6px, calc(9 * var(--u))); letter-spacing:.14em; text-transform:uppercase; color:var(--do-cerulean) }
app/d17-apps-cases.css:536:.a955 .d17-doc li em{ font-style:normal; justify-self:end; font-family:var(--do-font-mono); font-size:max(6px, calc(9 * var(--u))); letter-spacing:.08em; color:var(--do-cerulean) }
app/d17-apps-cases.css:568:.a957 .ex em{ font-style:normal; font-family:var(--do-font-mono); font-size:max(9px, calc(10 * var(--u))); color:var(--do-cerulean) }
app/d17-apps-cases.css:577:.a957 .lock{ margin-top:calc(10 * var(--u)); font-family:var(--do-font-mono); font-size:max(9px, calc(10 * var(--u))); letter-spacing:.1em; text-transform:uppercase; color:var(--do-cerulean) }
app/d17-art.module.css:65:  font-size: max(6px, calc(10 * var(--u))); letter-spacing: .14em; text-transform: uppercase; color: var(--do-cerulean) }
app/d17-art.module.css:295:.a920 .contactLink:hover { border-color: var(--do-cerulean); background: color-mix(in srgb, var(--do-cerulean) 18%, transparent) }
app/d17-art.module.css:308:.a920 .note li::before { content: '0' counter(c); font-family: var(--do-font-mono); font-size: 10px; color: var(--do-cerulean); padding-top: 3px }
app/d17-global.css:66:  font-size:max(6px, calc(10 * var(--u))); letter-spacing:.14em; text-transform:uppercase; color:var(--do-cerulean) }
app/d17-global.css:330:.a920 .note li::before{ content:'0' counter(c); font-family:var(--do-font-mono); font-size:10px; color:var(--do-cerulean); padding-top:3px }
app/d17-global.css:428:  letter-spacing:.14em; text-transform:uppercase; color:var(--do-cerulean); margin-bottom:2px }
app/d17-global.css:469:  color:var(--do-cerulean); letter-spacing:.08em }
app/d17-global.css:679:.match .r svg{ width:18px; height:18px; color:var(--do-cerulean) }
app/d17-global.css:747:.card-j .r{ font-family:var(--do-font-mono); font-size:max(7.5px, calc(9.5 * var(--u))); letter-spacing:.1em; color:var(--do-cerulean) }
app/d17-global.css:865:  color:var(--do-cerulean) }
app/d17-locations.css:48:  color:var(--do-text-cerulean); font-size:var(--do-text-sm); padding-top:2px }
app/d17-locations.css:104:.pk li::before{ content:'0' counter(p); font-family:var(--do-font-mono); font-size:max(6px, calc(10 * var(--u))); color:var(--do-cerulean); padding-top:1px }
app/d17-locations.css:119:  text-transform:uppercase; color:var(--do-cerulean); padding-bottom:calc(5 * var(--u));
app/d17-locations.css:170:  letter-spacing:.14em; text-transform:uppercase; color:var(--do-cerulean) }
app/d17-locations.css:294:.five .rep .ref{ font-family:var(--do-font-mono); font-size:max(8px, calc(10 * var(--u))); letter-spacing:.14em; text-transform:uppercase; color:var(--do-cerulean) }
app/d17-locations.css:318:.keep .cd .ref{ font-family:var(--do-font-mono); font-size:max(9px, calc(10 * var(--u))); letter-spacing:.14em; text-transform:uppercase; color:var(--do-cerulean) }
app/d17-locations.css:345:.ck .panel .ref{ font-family:var(--do-font-mono); font-size:max(9px, calc(10 * var(--u))); letter-spacing:.14em; text-transform:uppercase; color:var(--do-cerulean) }
app/d17-locations.css:357:.sw-t.lock::before{ content:'ALWAYS'; position:absolute; right:54px; top:4px; font-family:var(--do-font-mono); font-size:9px; letter-spacing:.14em; color:var(--do-cerulean) }
app/d17-problems.css:67:  letter-spacing:.12em; text-transform:uppercase; color:var(--do-cerulean) }
app/d17-problems.css:110:  text-transform:uppercase; color:var(--do-cerulean) }
app/d17-problems.css:149:.cols .j small{ display:block; font-family:var(--do-font-mono); font-weight:500; font-size:max(7.5px, calc(8.5 * var(--u))); letter-spacing:.08em; color:var(--do-cerulean) }
app/d17-problems.css:390:.reg td.s{ font-family:var(--do-font-mono); font-size:max(7px, calc(10 * var(--u))); color:var(--do-cerulean) }
app/d17-problems.css:391:.sop .h{ margin:calc(9 * var(--u)) 0 0; font-family:var(--do-font-mono); font-weight:700; font-size:max(7px, calc(10 * var(--u))); letter-spacing:.14em; text-transform:uppercase; color:var(--do-cerulean) }
app/d17-resources.css:45:  letter-spacing:.06em; color:var(--do-cerulean); margin-left:.5em }
app/d17-resources.css:194:.fld b{ display:block; margin-top:2px; font-size:max(8.5px, calc(12 * var(--u))); font-weight:700; color:var(--do-cerulean) }
app/d17-resources.css:199:  padding:calc(3 * var(--u)) 0; border:0; font-size:max(8.5px, calc(11 * var(--u))); font-weight:600; color:var(--do-cerulean) }
app/d17-resources.css:252:.vb th.us{ color:var(--do-cerulean) }
app/d17-resources.css:343:.a996 .slip .ref{ display:block; font-family:var(--do-font-mono); font-size:max(7.5px, calc(9.5 * var(--u))); letter-spacing:.14em; text-transform:uppercase; color:var(--do-cerulean) }
app/deco-page.module.css:59:  border-radius:var(--do-radius-lg); color:var(--do-cerulean); margin-bottom:20px;
app/design-system/colors_and_type.css:176:     --do-text-accent is retained for large display type only.    */
app/design-system/colors_and_type.css:183:  --do-text-accent:        var(--do-cerulean);       /* ≥24px display only */
app/design-system/colors_and_type.css:184:  --do-text-cerulean:      #176f86;                  /* 5.45:1 on Off-White — cerulean for text/links */
app/design-system/colors_and_type.css:249:  --do-eyebrow-color: var(--do-cerulean);
app/design-system/colors_and_type.css:332:  --do-text-accent:        var(--do-cerulean);             /* 4.41:1 — large/UI only */
app/design-system/ds-artwork.css:188:.p-bar1{ stop-color: var(--do-cerulean); stop-opacity: .28 }
app/design-system/ds-artwork.css:394:.sp-panel--calm  li .mk{ color:var(--do-cerulean) }
app/design-system/ds-marketing.css:79:.btn--outline{ border-color:var(--do-cerulean); color:var(--do-text-primary) }
app/design-system/ds-marketing.css:92:.logo span{ color:var(--do-text-cerulean) }
app/design-system/ds-marketing.css:337:.btn-ghost:hover{ color:var(--do-cerulean) }
app/design-system/ds-marketing.css:346:  border-radius:var(--do-radius-lg); color:var(--do-cerulean); margin-bottom:20px;
app/design-system/ds-nav.css:88:.btn--ghost:hover{ color:var(--do-text-primary); border-color:var(--do-cerulean);
app/design-system/ds-nav.css:168:  border-color:var(--do-cerulean);
app/design-system/ds-nav.css:173:  color:var(--do-cerulean); stroke-width:1.6 }
app/design-system/ds-nav.css:283:.finder-close:hover{ color:var(--do-text-primary); border-color:var(--do-cerulean) }
app/design-system/ds-nav.css:301:  border-color:var(--do-cerulean);
app/design-system/ds-nav.css:335:.result-alts a:hover{ color:var(--do-text-primary); border-color:var(--do-cerulean);
app/design-system/ds-plates.css:95:.p-bar1{ stop-color:var(--do-cerulean); stop-opacity:.28 }
app/design-system/marketing-pages-extra.css:22:.btn--ghost:hover{ color:var(--do-cerulean) }
app/design-system/marketing-pages-extra.css:44:  border-radius:var(--do-radius-lg); color:var(--do-cerulean); margin-bottom:20px;
app/design-system/marketing-pages-extra.css:127:.log-row:hover h3{ color:var(--do-cerulean) }
app/design-system/marketing-pages-extra.css:129:.log-row .go{ align-self:center; font-weight:var(--do-weight-semibold); font-size:var(--do-text-sm); color:var(--do-cerulean);
app/globals.css:40:  --do-text-accent:         var(--do-cerulean);
app/globals.css:41:  --do-text-cerulean:       #176f86;
app/globals.css:162:.back-link:hover { color: var(--do-cerulean); }
app/globals.css:199:.related-list a:hover { color: var(--do-cerulean); }
app/globals.css:208:.blog-card:hover { border-color: var(--do-cerulean) !important; }
app/globals.css:274:  color: var(--do-cerulean);
app/globals.css:367:.blog-lead:hover { border-color: var(--do-cerulean); box-shadow: var(--do-shadow-md); }
app/globals.css:404:  border-color: var(--do-cerulean);
app/globals.css:426:.vid-len{ font-size:9px; font-weight:600; letter-spacing:.08em; text-transform:uppercase; color:var(--do-cerulean); border:1px solid color-mix(in srgb, var(--do-cerulean) 40%, transparent); border-radius:999px; padding:2px 8px }
app/homepage.css:161:  text-decoration-color:var(--do-cerulean); text-decoration-thickness:2px }
app/locations/fractional-cto/page.tsx:81:            <a href={BOOKING_URL} target="_blank" rel="noopener noreferrer" style={{ fontSize: 'var(--do-text-sm)', color: 'var(--do-cerulean)', fontWeight: 'var(--do-weight-medium)', display: 'inline-flex', alignItems: 'center', gap: 4 }}>Or book a call directly <ArrowRight size={14} /></a>
app/locations/fractional-cto/page.tsx:108:                <MapPin size={18} style={{ color: 'var(--do-cerulean)' }} />
app/locations/fractional-cto/page.tsx:125:                    <ArrowRight size={16} style={{ color: 'var(--do-cerulean)', opacity: 0, transition: 'opacity 0.2s' }} />
app/locations/tech-audit/page.tsx:60:                <a href={BOOKING_URL} target="_blank" rel="noopener noreferrer" style={{ fontSize: 'var(--do-text-sm)', color: 'var(--do-cerulean)', fontWeight: 'var(--do-weight-medium)', display: 'inline-flex', alignItems: 'center', gap: 4 }}>Or book a call directly <ArrowRight size={14} /></a>
app/locations/tech-audit/page.tsx:74:                <MapPin size={18} style={{ color: 'var(--do-cerulean)' }} />
app/locations/tech-audit/page.tsx:91:                    <ArrowRight size={16} style={{ color: 'var(--do-cerulean)', opacity: 0, transition: 'opacity 0.2s' }} />
app/pricing/page.tsx:236:              style={{ color: 'var(--do-cerulean)', fontWeight: 600 }}>small business services</Link> for details.</p>
app/pricing/page.tsx:278:              style={{ color: 'var(--do-cerulean)', fontWeight: 600 }}>that&rsquo;s the whole of how I build</Link>.
app/resources/artwork-approval-playbook/page.tsx:227:                  <CheckCircle2 size={18} style={{ flexShrink: 0, marginTop: 2, color: 'var(--do-cerulean)' }} />
app/resources/artwork-approval-playbook/page.tsx:266:                  <CheckCircle2 size={18} style={{ flexShrink: 0, marginTop: 2, color: 'var(--do-cerulean)' }} />
app/resources/artwork-approval-playbook/page.tsx:334:                <CheckCircle2 size={20} style={{ flexShrink: 0, marginTop: 4, color: 'var(--do-cerulean)' }} />
app/resources/artwork-approval-playbook/page.tsx:340:                <CheckCircle2 size={20} style={{ flexShrink: 0, marginTop: 4, color: 'var(--do-cerulean)' }} />
app/resources/artwork-approval-playbook/page.tsx:346:                <CheckCircle2 size={20} style={{ flexShrink: 0, marginTop: 4, color: 'var(--do-cerulean)' }} />
app/resources/artwork-approval-playbook/page.tsx:352:                <CheckCircle2 size={20} style={{ flexShrink: 0, marginTop: 4, color: 'var(--do-cerulean)' }} />
app/resources/artwork-approval-playbook/page.tsx:373:            <a href={BOOKING_URL} target="_blank" rel="noopener noreferrer" style={{ fontSize: 'var(--do-text-sm)', color: 'var(--do-cerulean)', fontWeight: 'var(--do-weight-medium)', display: 'inline-flex', alignItems: 'center', gap: 4 }}>Or book a call directly <ArrowRight size={14} /></a>
app/resources/audit-checklist/page.tsx:276:                <CheckCircle2 size={20} style={{ flexShrink: 0, marginTop: 4, color: 'var(--do-cerulean)' }} />
app/resources/audit-checklist/page.tsx:282:                <CheckCircle2 size={20} style={{ flexShrink: 0, marginTop: 4, color: 'var(--do-cerulean)' }} />
app/resources/audit-checklist/page.tsx:288:                <CheckCircle2 size={20} style={{ flexShrink: 0, marginTop: 4, color: 'var(--do-cerulean)' }} />
app/resources/audit-checklist/page.tsx:294:                <CheckCircle2 size={20} style={{ flexShrink: 0, marginTop: 4, color: 'var(--do-cerulean)' }} />
app/resources/audit-checklist/page.tsx:316:            <a href={BOOKING_URL} target="_blank" rel="noopener noreferrer" style={{ fontSize: 'var(--do-text-sm)', color: 'var(--do-cerulean)', fontWeight: 'var(--do-weight-medium)', display: 'inline-flex', alignItems: 'center', gap: 4 }}>Or book a call directly <ArrowRight size={14} /></a>
app/resources/capacity-planner/page.tsx:154:                <span style={{ fontSize: 'var(--do-text-xs)', fontWeight: 700, color: 'var(--do-cerulean)', letterSpacing: '0.06em' }}>{s.n}</span>
app/resources/decoded-method/page.tsx:228:                      <Check size={16} style={{ flexShrink: 0, marginTop: 2, color: 'var(--do-cerulean)' }} />
app/resources/decoded-method/page.tsx:249:                    <Icon size={20} style={{ color: 'var(--do-cerulean)' }} />
app/resources/decoded-method/page.tsx:308:            <a href={BOOKING_URL} target="_blank" rel="noopener noreferrer" style={{ fontSize: 'var(--do-text-sm)', color: 'var(--do-cerulean)', fontWeight: 'var(--do-weight-medium)', display: 'inline-flex', alignItems: 'center', gap: 4 }}>Or book a call directly <ArrowRight size={14} /></a>
app/resources/erp-selection-playbook/page.tsx:195:                  <CheckCircle2 size={18} style={{ flexShrink: 0, marginTop: 2, color: 'var(--do-cerulean)' }} />
app/resources/erp-selection-playbook/page.tsx:216:                      <span style={{ flexShrink: 0, marginTop: 2, color: 'var(--do-cerulean)' }}>-</span>
app/resources/erp-selection-playbook/page.tsx:227:                      <CheckCircle2 size={16} style={{ flexShrink: 0, marginTop: 2, color: 'var(--do-cerulean)' }} />
app/resources/erp-selection-playbook/page.tsx:273:                    <span style={{ color: 'var(--do-cerulean)' }}>{sys.strength}</span>
app/resources/erp-selection-playbook/page.tsx:340:                <CheckCircle2 size={20} style={{ flexShrink: 0, marginTop: 4, color: 'var(--do-cerulean)' }} />
app/resources/erp-selection-playbook/page.tsx:346:                <CheckCircle2 size={20} style={{ flexShrink: 0, marginTop: 4, color: 'var(--do-cerulean)' }} />
app/resources/erp-selection-playbook/page.tsx:352:                <CheckCircle2 size={20} style={{ flexShrink: 0, marginTop: 4, color: 'var(--do-cerulean)' }} />
app/resources/erp-selection-playbook/page.tsx:358:                <CheckCircle2 size={20} style={{ flexShrink: 0, marginTop: 4, color: 'var(--do-cerulean)' }} />
app/resources/erp-selection-playbook/page.tsx:379:            <a href={BOOKING_URL} target="_blank" rel="noopener noreferrer" style={{ fontSize: 'var(--do-text-sm)', color: 'var(--do-cerulean)', fontWeight: 'var(--do-weight-medium)', display: 'inline-flex', alignItems: 'center', gap: 4 }}>Or book a call directly <ArrowRight size={14} /></a>
app/resources/page.tsx:159:                    <Icon size={24} style={{ color: 'var(--do-cerulean)' }} />
app/resources/page.tsx:163:                  <span style={{ display: 'inline-flex', alignItems: 'center', gap: 4, fontSize: 'var(--do-text-sm)', fontWeight: 'var(--do-weight-semibold)', color: 'var(--do-cerulean)' }}>
app/resources/seasonal-capacity/page.tsx:106:                <span style={{ fontSize: 'var(--do-text-xs)', fontWeight: 700, color: 'var(--do-cerulean)', letterSpacing: '0.06em' }}>{s.n}</span>
app/resources/six-sigma/page.tsx:156:                  <div style={{ marginTop: 4, fontSize: 'var(--do-text-xs)', fontWeight: 'var(--do-weight-semibold)', color: 'var(--do-cerulean)' }}>{l.dpmo} DPMO</div>
app/resources/sop-template/page.tsx:143:                  <CheckCircle2 size={18} style={{ flexShrink: 0, marginTop: 4, color: 'var(--do-cerulean)' }} />
app/resources/sop-template/page.tsx:234:                <CheckCircle2 size={20} style={{ flexShrink: 0, marginTop: 4, color: 'var(--do-cerulean)' }} />
app/resources/sop-template/page.tsx:240:                <CheckCircle2 size={20} style={{ flexShrink: 0, marginTop: 4, color: 'var(--do-cerulean)' }} />
app/resources/sop-template/page.tsx:246:                <CheckCircle2 size={20} style={{ flexShrink: 0, marginTop: 4, color: 'var(--do-cerulean)' }} />
app/resources/sop-template/page.tsx:252:                <CheckCircle2 size={20} style={{ flexShrink: 0, marginTop: 4, color: 'var(--do-cerulean)' }} />
app/resources/sop-template/page.tsx:273:            <a href={BOOKING_URL} target="_blank" rel="noopener noreferrer" style={{ fontSize: 'var(--do-text-sm)', color: 'var(--do-cerulean)', fontWeight: 'var(--do-weight-medium)', display: 'inline-flex', alignItems: 'center', gap: 4 }}>Or book a call directly <ArrowRight size={14} /></a>
app/sectors/awards-engraving/page.tsx:208:                <span style={{ minWidth: '28px', height: '28px', borderRadius: 'var(--do-radius-full)', background: 'color-mix(in srgb, var(--do-cerulean) 20%, transparent)', display: 'flex', alignItems: 'center', justifyContent: 'center', fontSize: 'var(--do-text-xs)', fontWeight: 'var(--do-weight-bold)', color: 'var(--do-cerulean)' }}>{String(i + 1).padStart(2, '0')}</span>
app/sectors/awards-engraving/page.tsx:239:                          <ArrowRight size={14} style={{ marginTop: '2px', flexShrink: 0, color: 'var(--do-cerulean)' }} aria-hidden="true" />
app/sectors/awards-engraving/page.tsx:255:                          <ArrowRight size={14} style={{ marginTop: '2px', flexShrink: 0, color: 'var(--do-cerulean)' }} aria-hidden="true" />
app/sectors/garment-decoration/page.tsx:203:                <span style={{ minWidth: '28px', height: '28px', borderRadius: 'var(--do-radius-full)', background: 'color-mix(in srgb, var(--do-cerulean) 20%, transparent)', display: 'flex', alignItems: 'center', justifyContent: 'center', fontSize: 'var(--do-text-xs)', fontWeight: 'var(--do-weight-bold)', color: 'var(--do-cerulean)' }}>{String(i + 1).padStart(2, '0')}</span>
app/sectors/garment-decoration/page.tsx:234:                          <ArrowRight size={14} style={{ marginTop: '2px', flexShrink: 0, color: 'var(--do-cerulean)' }} aria-hidden="true" />
app/sectors/garment-decoration/page.tsx:250:                          <ArrowRight size={14} style={{ marginTop: '2px', flexShrink: 0, color: 'var(--do-cerulean)' }} aria-hidden="true" />
app/sectors/garment-decoration/page.tsx:266:                          <ArrowRight size={14} style={{ marginTop: '2px', flexShrink: 0, color: 'var(--do-cerulean)' }} aria-hidden="true" />
app/sectors/labels-packaging/page.tsx:245:                <span style={{ minWidth: '28px', height: '28px', borderRadius: 'var(--do-radius-full)', background: 'color-mix(in srgb, var(--do-cerulean) 20%, transparent)', display: 'flex', alignItems: 'center', justifyContent: 'center', fontSize: 'var(--do-text-xs)', fontWeight: 'var(--do-weight-bold)', color: 'var(--do-cerulean)' }}>{String(i + 1).padStart(2, '0')}</span>
app/sectors/labels-packaging/page.tsx:276:                          <ArrowRight size={14} style={{ marginTop: '2px', flexShrink: 0, color: 'var(--do-cerulean)' }} aria-hidden="true" />
app/sectors/labels-packaging/page.tsx:292:                          <ArrowRight size={14} style={{ marginTop: '2px', flexShrink: 0, color: 'var(--do-cerulean)' }} aria-hidden="true" />
app/sectors/operations-consultant-print-embroidery/page.tsx:196:                <span style={{ minWidth: '28px', height: '28px', borderRadius: 'var(--do-radius-full)', background: 'color-mix(in srgb, var(--do-cerulean) 20%, transparent)', display: 'flex', alignItems: 'center', justifyContent: 'center', fontSize: 'var(--do-text-xs)', fontWeight: 'var(--do-weight-bold)', color: 'var(--do-cerulean)' }}>{String(i + 1).padStart(2, '0')}</span>
app/sectors/operations-consultant-print-embroidery/page.tsx:227:                          <ArrowRight size={14} style={{ marginTop: '2px', flexShrink: 0, color: 'var(--do-cerulean)' }} aria-hidden="true" />
app/sectors/operations-consultant-print-embroidery/page.tsx:243:                          <ArrowRight size={14} style={{ marginTop: '2px', flexShrink: 0, color: 'var(--do-cerulean)' }} aria-hidden="true" />
app/sectors/print-promotional/page.tsx:272:                <span style={{ minWidth: '28px', height: '28px', borderRadius: 'var(--do-radius-full)', background: 'color-mix(in srgb, var(--do-cerulean) 20%, transparent)', display: 'flex', alignItems: 'center', justifyContent: 'center', fontSize: 'var(--do-text-xs)', fontWeight: 'var(--do-weight-bold)', color: 'var(--do-cerulean)' }}>{String(i + 1).padStart(2, '0')}</span>
app/sectors/print-promotional/page.tsx:303:                          <ArrowRight size={14} style={{ marginTop: '2px', flexShrink: 0, color: 'var(--do-cerulean)' }} aria-hidden="true" />
app/sectors/print-promotional/page.tsx:319:                          <ArrowRight size={14} style={{ marginTop: '2px', flexShrink: 0, color: 'var(--do-cerulean)' }} aria-hidden="true" />
app/sectors/print-promotional/page.tsx:335:                          <ArrowRight size={14} style={{ marginTop: '2px', flexShrink: 0, color: 'var(--do-cerulean)' }} aria-hidden="true" />
app/sectors/promotional-merchandise/page.tsx:220:                <span style={{ minWidth: '28px', height: '28px', borderRadius: 'var(--do-radius-full)', background: 'color-mix(in srgb, var(--do-cerulean) 20%, transparent)', display: 'flex', alignItems: 'center', justifyContent: 'center', fontSize: 'var(--do-text-xs)', fontWeight: 'var(--do-weight-bold)', color: 'var(--do-cerulean)' }}>{String(i + 1).padStart(2, '0')}</span>
app/sectors/promotional-merchandise/page.tsx:240:                        <ArrowRight size={14} style={{ marginTop: '2px', flexShrink: 0, color: 'var(--do-cerulean)' }} aria-hidden="true" />
app/sectors/promotional-merchandise/page.tsx:256:                        <ArrowRight size={14} style={{ marginTop: '2px', flexShrink: 0, color: 'var(--do-cerulean)' }} aria-hidden="true" />
app/sectors/promotional-merchandise/page.tsx:272:                        <ArrowRight size={14} style={{ marginTop: '2px', flexShrink: 0, color: 'var(--do-cerulean)' }} aria-hidden="true" />
app/sectors/schoolwear/page.tsx:206:                <span style={{ minWidth: '28px', height: '28px', borderRadius: 'var(--do-radius-full)', background: 'color-mix(in srgb, var(--do-cerulean) 20%, transparent)', display: 'flex', alignItems: 'center', justifyContent: 'center', fontSize: 'var(--do-text-xs)', fontWeight: 'var(--do-weight-bold)', color: 'var(--do-cerulean)' }}>{String(i + 1).padStart(2, '0')}</span>
app/sectors/schoolwear/page.tsx:257:                <span style={{ minWidth: '28px', height: '28px', borderRadius: 'var(--do-radius-full)', background: 'color-mix(in srgb, var(--do-cerulean) 20%, transparent)', display: 'flex', alignItems: 'center', justifyContent: 'center', fontSize: 'var(--do-text-xs)', fontWeight: 'var(--do-weight-bold)', color: 'var(--do-cerulean)' }}>{String(i + 1).padStart(2, '0')}</span>
app/sectors/schoolwear/page.tsx:277:                        <ArrowRight size={14} style={{ marginTop: '2px', flexShrink: 0, color: 'var(--do-cerulean)' }} aria-hidden="true" />
app/sectors/schoolwear/page.tsx:293:                        <ArrowRight size={14} style={{ marginTop: '2px', flexShrink: 0, color: 'var(--do-cerulean)' }} aria-hidden="true" />
app/sectors/schoolwear/page.tsx:309:                        <ArrowRight size={14} style={{ marginTop: '2px', flexShrink: 0, color: 'var(--do-cerulean)' }} aria-hidden="true" />
app/sectors/signs-graphics/page.tsx:218:                <span style={{ minWidth: '28px', height: '28px', borderRadius: 'var(--do-radius-full)', background: 'color-mix(in srgb, var(--do-cerulean) 20%, transparent)', display: 'flex', alignItems: 'center', justifyContent: 'center', fontSize: 'var(--do-text-xs)', fontWeight: 'var(--do-weight-bold)', color: 'var(--do-cerulean)' }}>{String(i + 1).padStart(2, '0')}</span>
app/sectors/signs-graphics/page.tsx:249:                          <ArrowRight size={14} style={{ marginTop: '2px', flexShrink: 0, color: 'var(--do-cerulean)' }} aria-hidden="true" />
app/sectors/signs-graphics/page.tsx:265:                          <ArrowRight size={14} style={{ marginTop: '2px', flexShrink: 0, color: 'var(--do-cerulean)' }} aria-hidden="true" />
app/sectors/teamwear-clubwear/page.tsx:212:                <span style={{ minWidth: '28px', height: '28px', borderRadius: 'var(--do-radius-full)', background: 'color-mix(in srgb, var(--do-cerulean) 20%, transparent)', display: 'flex', alignItems: 'center', justifyContent: 'center', fontSize: 'var(--do-text-xs)', fontWeight: 'var(--do-weight-bold)', color: 'var(--do-cerulean)' }}>{String(i + 1).padStart(2, '0')}</span>
app/sectors/teamwear-clubwear/page.tsx:232:                        <ArrowRight size={14} style={{ marginTop: '2px', flexShrink: 0, color: 'var(--do-cerulean)' }} aria-hidden="true" />
app/sectors/teamwear-clubwear/page.tsx:248:                        <ArrowRight size={14} style={{ marginTop: '2px', flexShrink: 0, color: 'var(--do-cerulean)' }} aria-hidden="true" />
app/sectors/teamwear-clubwear/page.tsx:264:                        <ArrowRight size={14} style={{ marginTop: '2px', flexShrink: 0, color: 'var(--do-cerulean)' }} aria-hidden="true" />
app/sectors/workwear/page.tsx:209:                <span style={{ minWidth: '28px', height: '28px', borderRadius: 'var(--do-radius-full)', background: 'color-mix(in srgb, var(--do-cerulean) 20%, transparent)', display: 'flex', alignItems: 'center', justifyContent: 'center', fontSize: 'var(--do-text-xs)', fontWeight: 'var(--do-weight-bold)', color: 'var(--do-cerulean)' }}>{String(i + 1).padStart(2, '0')}</span>
app/sectors/workwear/page.tsx:242:                        <ArrowRight size={14} style={{ marginTop: '2px', flexShrink: 0, color: 'var(--do-cerulean)' }} aria-hidden="true" />
app/sectors/workwear/page.tsx:258:                        <ArrowRight size={14} style={{ marginTop: '2px', flexShrink: 0, color: 'var(--do-cerulean)' }} aria-hidden="true" />
app/sectors/workwear/page.tsx:274:                        <ArrowRight size={14} style={{ marginTop: '2px', flexShrink: 0, color: 'var(--do-cerulean)' }} aria-hidden="true" />
app/small-business/page.tsx:146:                    <Icon size={24} style={{ color: 'var(--do-cerulean)' }} />
app/small-business/page.tsx:157:                        <CheckCircle2 size={16} style={{ color: 'var(--do-cerulean)', marginTop: 2, flexShrink: 0 }} />
app/small-business/page.tsx:171:            See <Link href="/pricing" style={{ color: 'var(--do-cerulean)', fontWeight: 600 }}>full pricing</Link> for details.
app/tools/should-i-replace-erp/page.tsx:120:                <div style={{ fontSize: 'var(--do-text-xs)', fontWeight: 'var(--do-weight-semibold)', color: 'var(--do-cerulean)', textTransform: 'uppercase', letterSpacing: 'var(--do-tracking-wider)', marginBottom: 16 }}>Question {currentQ + 1}</div>
app/tools/should-i-replace-erp/page.tsx:154:                <Link href="/resources/erp-selection-playbook" style={{ color: 'var(--do-cerulean)', fontWeight: 'var(--do-weight-medium)' }}>
components/BlogList.tsx:63:                <span className="inline-block text-xs font-semibold tracking-wide uppercase" style={{ alignSelf: 'flex-start', color: 'var(--do-cerulean)', padding: '4px 11px', borderRadius: 9999, background: 'rgba(33,158,188,0.1)', border: '1px solid rgba(33,158,188,0.28)' }}>
components/BlogList.tsx:157:                  <span className="inline-block text-xs font-semibold tracking-wide uppercase" style={{ color: 'var(--do-cerulean)', padding: '4px 11px', borderRadius: 9999, background: 'rgba(33,158,188,0.1)', border: '1px solid rgba(33,158,188,0.28)' }}>
components/LocationPage.tsx:72:                : <span key={i} className="h1 em" style={{ color: 'var(--do-cerulean)', fontFamily: 'var(--do-font-heading)', display: 'inline' }}>{part}</span>
components/LocationPage.tsx:130:                      <div style={{ fontSize: 'var(--do-text-xs)', fontWeight: 'var(--do-weight-semibold)', color: 'var(--do-cerulean)', textTransform: 'uppercase', letterSpacing: 'var(--do-tracking-wide)', marginBottom: 4 }}>From Worthing</div>
components/LocationPage.tsx:136:                      <div style={{ fontSize: 'var(--do-text-xs)', fontWeight: 'var(--do-weight-semibold)', color: 'var(--do-cerulean)', textTransform: 'uppercase', letterSpacing: 'var(--do-tracking-wide)', marginBottom: 4 }}>{town}</div>
components/LocationPage.tsx:166:                <div style={{ fontSize: 'var(--do-text-3xl)', fontWeight: 'var(--do-weight-bold)', color: 'var(--do-text-cerulean)', marginBottom: 16 }}>{String(i + 1).padStart(2, '0')}</div>
components/LocationPage.tsx:251:            <Link href={serviceUrl} className="text-cerulean hover:underline">
components/ScreenshotFrame.tsx:32:          <span className="text-[9px] font-semibold tracking-wider uppercase text-cerulean border border-cerulean/40 rounded-full px-2 py-0.5 shrink-0">
components/SectorPageDS.module.css:66:  color: var(--do-cerulean);
components/ToolLeadCapture.tsx:65:          <a href={BOOKING_URL} target="_blank" rel="noopener noreferrer" className="text-cerulean hover:underline">
components/calculators/SeasonalCapacityCalculator.tsx:90:                fontSize: 'var(--do-text-xs)', color: 'var(--do-cerulean)', background: 'none',
components/graphics/CredentialsGraphic.tsx:31:            <div className="text-sm text-cerulean">Founder, Decoded Ops</div>
components/graphics/ExpertiseTimelineGraphic.tsx:51:        <div className="mt-2 text-xs font-semibold text-cerulean">Craig Blackman</div>
[0m
[0m$ [0mgit -C "D:\apps\worktrees\decoded-ops-website\web065-tech-seo" grep -n "#a7b8c1\|#5c7d8c\|#678391\|#5a7d8f\|#486a7b" -- app components lib 2>&1
app/clients/[clientId]/components/DemoSection.tsx:280:            <div className="flex-1 mx-4 bg-white rounded px-3 py-1 text-xs text-[#5a7d8f] font-[family-name:var(--font-dm-sans)] border border-[#d4e8f0]">
app/clients/[clientId]/components/DemoSection.tsx:303:                <div className="text-xs text-[#5a7d8f]">Last updated: just now</div>
app/clients/[clientId]/components/PortalMockupSection.tsx:59:            <div className="flex-1 mx-4 bg-white rounded px-3 py-1 text-xs text-[#5a7d8f] font-mono border border-[#d4e8f0] text-center">
app/clients/[clientId]/components/PricingSection.tsx:310:                <div className="text-sm text-[#5a7d8f] leading-loose">
app/clients/dashboard/page.tsx:55:    engagement_letter: 'bg-[#5a7d8f]/10 text-[#023047] border-[#5a7d8f]/30',
app/clients/dashboard/page.tsx:56:    terms: 'bg-[#5a7d8f]/10 text-[#023047] border-[#5a7d8f]/30',
app/clients/dashboard/page.tsx:57:    other: 'bg-[#5a7d8f]/10 text-[#023047] border-[#5a7d8f]/30',
app/clients/dashboard/page.tsx:124:          <p className="text-[#5a7d8f]">
app/clients/dashboard/page.tsx:143:            <p className="text-sm text-[#5a7d8f] mb-3">
app/clients/dashboard/page.tsx:163:            <p className="text-sm text-[#5a7d8f] mb-3">
app/clients/dashboard/page.tsx:175:            <h2 className="text-sm font-semibold text-[#5a7d8f] uppercase tracking-wider mb-4">
app/clients/dashboard/page.tsx:185:                    <div className="w-8 h-8 rounded-lg bg-[#F8F9FA] border border-[#d4e8f0] flex items-center justify-center shrink-0 mt-0.5 text-[#5a7d8f]">
app/clients/dashboard/page.tsx:196:                      <p className="text-xs text-[#5a7d8f] mt-0.5">
app/clients/dashboard/page.tsx:221:              <h2 className="text-sm font-semibold text-[#5a7d8f] uppercase tracking-wider">
app/clients/dashboard/page.tsx:224:              <span className="text-xs text-[#5a7d8f]">
app/clients/documents/page.tsx:47:    engagement_letter: 'bg-[#5a7d8f]/10 text-[#023047] border-[#5a7d8f]/30',
app/clients/documents/page.tsx:48:    terms: 'bg-[#5a7d8f]/10 text-[#023047] border-[#5a7d8f]/30',
app/clients/documents/page.tsx:49:    other: 'bg-[#5a7d8f]/10 text-[#023047] border-[#5a7d8f]/30',
app/clients/documents/page.tsx:116:          className="inline-flex items-center gap-1.5 text-sm text-[#5a7d8f] hover:text-[#023047] transition-colors mb-8"
app/clients/documents/page.tsx:124:          <p className="text-[#5a7d8f]">
app/clients/documents/page.tsx:132:            <p className="text-[#5a7d8f] text-sm">No documents available yet.</p>
app/clients/documents/page.tsx:142:                  <div className="w-8 h-8 rounded-lg bg-[#F8F9FA] border border-[#d4e8f0] flex items-center justify-center shrink-0 mt-0.5 text-[#5a7d8f]">
app/clients/documents/page.tsx:154:                    <p className="text-xs text-[#5a7d8f] mt-0.5">
app/clients/documents/view/[id]/QuestionnaireForm.tsx:23:const MUTED = "#5a7d8f";
app/clients/documents/view/[id]/SignPanel.tsx:117:          <p style={{ fontSize: 12, color: "#5a7d8f", margin: 0 }}>
app/clients/documents/view/[id]/page.tsx:133:              color: '#5a7d8f',
app/clients/documents/view/[id]/page.tsx:143:          <span style={{ fontSize: 13, color: '#5a7d8f' }}>
app/clients/login/page.tsx:32:        <p className="text-sm text-[#5a7d8f]">Loading...</p>
app/clients/login/page.tsx:84:          <p className="text-sm text-[#5a7d8f]">Sign in to access your documents and proposals.</p>
app/clients/login/page.tsx:100:              className="w-full px-4 py-3 bg-white border border-[#d4e8f0] rounded-lg text-[#023047] text-sm placeholder-[#5a7d8f] focus:outline-none focus:ring-2 focus:ring-[#219EBC] focus:border-transparent transition"
app/clients/login/page.tsx:116:              className="w-full px-4 py-3 bg-white border border-[#d4e8f0] rounded-lg text-[#023047] text-sm placeholder-[#5a7d8f] focus:outline-none focus:ring-2 focus:ring-[#219EBC] focus:border-transparent transition"
app/clients/login/page.tsx:151:          <p className="text-sm text-[#5a7d8f]">Loading...</p>
app/clients/project/ProjectView.tsx:61:  upcoming:  { label: 'Upcoming',    color: '#5a7d8f', bg: 'rgba(90,125,143,0.1)'  },
app/clients/project/ProjectView.tsx:121:        <Link href="/clients/dashboard" className="inline-flex items-center gap-1.5 text-sm text-[#5a7d8f] hover:text-[#023047] transition-colors mb-8">
app/clients/project/ProjectView.tsx:127:          <p className="text-[#5a7d8f] text-sm">{fmtDate(startDate)} – {fmtDate(endDate)}</p>
app/clients/project/ProjectView.tsx:137:              <p className="text-xs text-[#5a7d8f]">Complete these tasks to keep the project on track.</p>
app/clients/project/ProjectView.tsx:161:                      <div className="text-xs text-[#5a7d8f] mt-0.5">
app/clients/project/ProjectView.tsx:172:                    {isExpanded ? <ChevronDown size={16} className="text-[#5a7d8f]" /> : <ChevronRight size={16} className="text-[#5a7d8f]" />}
app/clients/project/ProjectView.tsx:180:                        <div className="text-[10px] font-bold uppercase tracking-wider text-[#5a7d8f] mb-3">Milestone</div>
app/clients/project/ProjectView.tsx:189:                                {m.target_date && <p className="text-xs text-[#5a7d8f] mt-0.5">Target: {fmtDate(m.target_date)}</p>}
app/clients/project/ProjectView.tsx:200:                        <div className="text-[10px] font-bold uppercase tracking-wider text-[#5a7d8f] mb-3 mt-4">Your actions</div>
app/clients/project/ProjectView.tsx:213:                                    <p className={`text-sm font-medium ${done ? 'text-[#5a7d8f] line-through' : 'text-[#023047]'}`}>{task.title}</p>
app/clients/project/ProjectView.tsx:214:                                    {task.due_date && !done && <p className="text-xs text-[#5a7d8f] mt-0.5">Due: {fmtDate(task.due_date)}</p>}
app/clients/project/ProjectView.tsx:218:                                          <div key={u.id} className="flex items-center gap-2 text-xs text-[#5a7d8f]">
app/clients/project/ProjectView.tsx:229:                                            <span className="text-[#5a7d8f]">
app/clients/project/ProjectView.tsx:246:                                        className="inline-flex items-center gap-1.5 px-2.5 py-1 text-xs font-medium border border-[#d4e8f0] rounded-lg text-[#5a7d8f] hover:border-[#219EBC]/40 hover:text-[#219EBC] transition-colors disabled:opacity-50"
app/clients/project/ProjectView.tsx:262:                      <p className="text-sm text-[#5a7d8f] mt-4">No client actions for this phase.</p>
app/clients/project/ProjectView.tsx:273:            <h2 className="text-sm font-semibold text-[#5a7d8f] uppercase tracking-wider mb-4">Your uploads</h2>
app/clients/project/ProjectView.tsx:279:                  <span className="text-xs text-[#5a7d8f] shrink-0">{fmtBytes(u.file_size)}</span>
app/clients/project/ProjectView.tsx:280:                  <span className="text-xs text-[#5a7d8f] shrink-0">{fmtDate(u.uploaded_at)}</span>
app/clients/project/page.tsx:55:          <Link href="/clients/dashboard" className="inline-flex items-center gap-1.5 text-sm text-[#5a7d8f] hover:text-[#023047] mb-8">
app/clients/project/page.tsx:59:          <p className="text-[#5a7d8f]">No project found. Contact Craig if you think this is an error.</p>
app/design-system/colors_and_type.css:180:  --do-text-subtle:        #486a7b;                  /* placeholders/disabled ONLY */
app/globals.css:42:  --do-text-muted:          #486a7b;
components/LocationPage.tsx:193:                      <span style={{ fontSize: 'var(--do-text-xs)', fontWeight: 'var(--do-weight-bold)', color: '#a7b8c1' }}>{String(i + 1).padStart(2, '0')}</span>
components/LocationPage.tsx:195:                    <p style={{ fontSize: 'var(--do-text-sm)', color: '#a7b8c1', lineHeight: 1.75, marginBottom: 0 }}>{item}</p>
[0m
[0m# [0mTodos
[•] Cerulean text on light backgrounds → --do-text-cerulean
[ ] Hard-coded greys (#a7b8c1, #5c7d8c, #5a7d8f, #486a7b) → correct tokens
[ ] Analytics scripts afterInteractive → lazyOnload
[ ] Run tsc and npm run build
[ ] Commit and write lane reports
[0m
[0m→ [0mRead app/globals.css[90m [offset=155, limit=30][0m
[0m→ [0mRead app/layout.tsx
[0m→ [0mRead components/LocationPage.tsx[90m [offset=65, limit=30][0m
Let me read a few key files to understand context before making changes.
[0m→ [0mRead components/LocationPage.tsx[90m [limit=50, offset=120][0m
[0m→ [0mRead components/LocationPage.tsx[90m [limit=50, offset=180][0m
[0m→ [0mRead app/globals.css[90m [limit=50, offset=265][0m
[0m→ [0mRead app/homepage.css[90m [limit=30, offset=150][0m
[0m→ [0mRead components/LocationPage.tsx[90m [limit=20, offset=240][0m
[0m→ [0mRead app/globals.css[90m [limit=30, offset=395][0m
[0m✱ [0mGrep "docmini.*row.*b|\.docmini\b"[90m 12 matches[0m
[0m✱ [0mGrep "docmini"[90m 1 match[0m
[0m→ [0mRead app/d17-global.css[90m [limit=20, offset=854][0m
[0m→ [0mRead app/globals.css[90m [limit=20, offset=268][0m
[0m→ [0mRead app/d17-locations.css[90m [limit=10, offset=43][0m
[0m
[0m← [0mEdit app/globals.css
Index: D:\apps\worktrees\decoded-ops-website\web065-tech-seo\app\globals.css
===================================================================
--- D:\apps\worktrees\decoded-ops-website\web065-tech-seo\app\globals.css
+++ D:\apps\worktrees\decoded-ops-website\web065-tech-seo\app\globals.css
@@ -270,9 +270,9 @@
   font-weight: 600;
   color: var(--do-text-primary);
 }
 .do-blog-prose a {
-  color: var(--do-cerulean);
+  color: var(--do-text-cerulean);
   text-decoration: underline;
   text-underline-offset: 2px;
 }
 .do-blog-prose a:hover {

[0m
I have a clear picture now. Let me execute this systematically — cerulean text changes, grey fixes, analytics fix. I'll work file by file.
[0m→ [0mRead app/globals.css[90m [limit=20, offset=1][0m
Now let me add the `.text-cerulean` Tailwind utility class and fix other text-cerulean instances in globals.css.
[0m→ [0mRead app/globals.css[90m [limit=30, offset=425][0m
[0m
[0m← [0mEdit app/globals.css
Index: D:\apps\worktrees\decoded-ops-website\web065-tech-seo\app\globals.css
===================================================================
--- D:\apps\worktrees\decoded-ops-website\web065-tech-seo\app\globals.css
+++ D:\apps\worktrees\decoded-ops-website\web065-tech-seo\app\globals.css
@@ -422,9 +422,9 @@
 .vid-chrome{ display:flex; align-items:center; gap:8px; padding:12px 16px; border-bottom:1px solid color-mix(in srgb, var(--do-sky-blue) 20%, transparent); background:var(--do-off-white) }
 .vid-dots{ display:flex; gap:6px } .vid-dots i{ width:12px; height:12px; border-radius:50%; display:block }
 .vid-dots i:nth-child(1){ background:var(--do-orange) } .vid-dots i:nth-child(2){ background:var(--do-amber) } .vid-dots i:nth-child(3){ background:var(--do-cerulean) }
 .vid-app{ flex:1; min-width:0; background:rgba(2,48,71,0.06); border-radius:6px; padding:6px 12px; font-size:12px; color:rgba(2,48,71,0.55); display:flex; align-items:center; gap:6px }
-.vid-len{ font-size:9px; font-weight:600; letter-spacing:.08em; text-transform:uppercase; color:var(--do-cerulean); border:1px solid color-mix(in srgb, var(--do-cerulean) 40%, transparent); border-radius:999px; padding:2px 8px }
+.vid-len{ font-size:9px; font-weight:600; letter-spacing:.08em; text-transform:uppercase; color:var(--do-text-cerulean); border:1px solid color-mix(in srgb, var(--do-cerulean) 40%, transparent); border-radius:999px; padding:2px 8px }
 .vid-poster{ position:relative; aspect-ratio:16/9; display:grid; place-items:center; border:0; width:100%; padding:0; cursor:pointer; background:var(--do-off-white) }
 .vid-poster:focus-visible{ outline:3px solid var(--do-amber); outline-offset:-3px }
 .vid-poster-img{ position:absolute; inset:0; width:100%; height:100%; object-fit:cover }
 .vid-play{ position:relative; width:64px; height:64px; border-radius:50%; background:var(--do-cerulean); display:grid; place-items:center; box-shadow:0 6px 24px rgba(0,0,0,.35); z-index:1 }

[0m
[0m← [0mEdit app/globals.css
Index: D:\apps\worktrees\decoded-ops-website\web065-tech-seo\app\globals.css
===================================================================
--- D:\apps\worktrees\decoded-ops-website\web065-tech-seo\app\globals.css
+++ D:\apps\worktrees\decoded-ops-website\web065-tech-seo\app\globals.css
@@ -435,4 +435,7 @@
 .vid-cta{ display:flex; flex-wrap:wrap; align-items:center; gap:14px 22px; margin:22px 0 0 }
 .vid-cta .yt{ color:var(--do-text-primary); text-decoration:underline; text-underline-offset:3px; font-weight:500 }
 .vid-pre{ margin:14px 0 0; font-size:.85rem; color:var(--do-text-muted) }
 @media (max-width:640px){ .vid-len{ display:none } .vid-cta .btn, .vid-cta .yt{ width:100%; text-align:center } }
+
+/* Tailwind utility: cerulean text on light backgrounds (CR-WEB-065) */
+.text-cerulean { color: var(--do-text-cerulean); }

[0m
[0m← [0mEdit app/d17-global.css
Index: D:\apps\worktrees\decoded-ops-website\web065-tech-seo\app\d17-global.css
===================================================================
--- D:\apps\worktrees\decoded-ops-website\web065-tech-seo\app\d17-global.css
+++ D:\apps\worktrees\decoded-ops-website\web065-tech-seo\app\d17-global.css
@@ -861,9 +861,9 @@
   padding-top:calc(9 * var(--u)); border-top:1px solid color-mix(in srgb, var(--do-prussian-blue) 12%, transparent);
   font-size:max(10px, calc(14 * var(--u))); font-weight:700 }
 .a1008 .docmini .row:first-of-type{ border-top:0; padding-top:0; margin-top:calc(10 * var(--u)) }
 .a1008 .docmini .row b{ font-family:var(--do-font-mono); font-weight:700; font-size:max(8px, calc(11 * var(--u)));
-  color:var(--do-cerulean) }
+  color:var(--do-text-cerulean) }
 .a1008 .photopin{ position:absolute; padding:calc(9 * var(--u)) calc(9 * var(--u)) calc(34 * var(--u));
   background:var(--do-off-white); box-shadow:0 calc(20 * var(--u)) calc(40 * var(--u)) color-mix(in srgb, #000 45%, transparent) }
 .a1008 .photopin img{ display:block; width:100%; height:100%; object-fit:cover;
   filter:grayscale(.3) saturate(.75) contrast(1.08) brightness(.92) }

[0m
Now the d17 CSS files. Let me handle the text-color changes:
[0m→ [0mRead app/d17-locations.css[90m [limit=30, offset=96][0m
[0m→ [0mRead app/d17-locations.css[90m [limit=30, offset=160][0m
[0m→ [0mRead app/d17-locations.css[90m [limit=20, offset=288][0m
[0m→ [0mRead app/d17-locations.css[90m [limit=20, offset=340][0m
[0m→ [0mRead app/d17-locations.css[90m [limit=10, offset=314][0m
[0m
[0m← [0mEdit app/d17-locations.css
Index: D:\apps\worktrees\decoded-ops-website\web065-tech-seo\app\d17-locations.css
===================================================================
--- D:\apps\worktrees\decoded-ops-website\web065-tech-seo\app\d17-locations.css
+++ D:\apps\worktrees\decoded-ops-website\web065-tech-seo\app\d17-locations.css
@@ -100,9 +100,9 @@
 .pk{ list-style:none; margin:calc(12 * var(--u)) 0 0; padding:0; counter-reset:p }
 .pk li{ counter-increment:p; display:grid; grid-template-columns:calc(26 * var(--u)) 1fr; gap:calc(6 * var(--u));
   padding:calc(7 * var(--u)) 0; border-top:1px solid color-mix(in srgb, var(--do-prussian-blue) 12%, transparent);
   font-size:max(7px, calc(12.5 * var(--u))); font-weight:600; line-height:1.25 }
-.pk li::before{ content:'0' counter(p); font-family:var(--do-font-mono); font-size:max(6px, calc(10 * var(--u))); color:var(--do-cerulean); padding-top:1px }
+.pk li::before{ content:'0' counter(p); font-family:var(--do-font-mono); font-size:max(6px, calc(10 * var(--u))); color:var(--do-text-cerulean); padding-top:1px }
 .dl{ margin-top:calc(12 * var(--u)) }
 .dl .r{ display:grid; grid-template-columns:1fr auto auto; gap:calc(10 * var(--u)); align-items:center;
   padding:calc(8 * var(--u)) 0; border-top:1px solid color-mix(in srgb, var(--do-prussian-blue) 12%, transparent);
   font-size:max(7px, calc(12.5 * var(--u))); font-weight:600; line-height:1.25 }

[0m
[0m← [0mEdit app/d17-locations.css
Index: D:\apps\worktrees\decoded-ops-website\web065-tech-seo\app\d17-locations.css
===================================================================
--- D:\apps\worktrees\decoded-ops-website\web065-tech-seo\app\d17-locations.css
+++ D:\apps\worktrees\decoded-ops-website\web065-tech-seo\app\d17-locations.css
@@ -115,9 +115,9 @@
 .st-chip--a{ background:var(--do-amber) }
 .st-chip--o{ background:transparent; border:1px solid color-mix(in srgb, var(--do-prussian-blue) 30%, transparent) }
 .rm{ display:grid; grid-template-columns:repeat(3, 1fr); gap:calc(8 * var(--u)); margin-top:calc(12 * var(--u)) }
 .rm .c b{ display:block; font-family:var(--do-font-mono); font-size:max(6px, calc(9.5 * var(--u))); letter-spacing:.14em;
-  text-transform:uppercase; color:var(--do-cerulean); padding-bottom:calc(5 * var(--u));
+  text-transform:uppercase; color:var(--do-text-cerulean); padding-bottom:calc(5 * var(--u));
   border-bottom:2px solid color-mix(in srgb, var(--do-cerulean) 40%, transparent) }
 .rm .c span{ display:block; margin-top:calc(7 * var(--u)); padding:calc(6 * var(--u)) calc(7 * var(--u)); border-radius:calc(4 * var(--u));
   background:color-mix(in srgb, var(--do-sky-blue) 22%, transparent); font-size:max(6.5px, calc(10.5 * var(--u))); font-weight:600; line-height:1.2 }
 .rm .c span.a{ background:color-mix(in srgb, var(--do-amber) 40%, transparent) }

[0m
[0m← [0mEdit app/d17-locations.css
Index: D:\apps\worktrees\decoded-ops-website\web065-tech-seo\app\d17-locations.css
===================================================================
--- D:\apps\worktrees\decoded-ops-website\web065-tech-seo\app\d17-locations.css
+++ D:\apps\worktrees\decoded-ops-website\web065-tech-seo\app\d17-locations.css
@@ -166,10 +166,9 @@
 .a1002 .pin::after{ content:''; position:absolute; left:50%; bottom:-9px; width:14px; height:14px; margin-left:-7px;
   background:var(--do-white); border-right:2px solid var(--do-amber); border-bottom:2px solid var(--do-amber); transform:rotate(45deg) }
 .a1002 .pin .tv{ display:inline; background:color-mix(in srgb, var(--do-amber) 30%, transparent) }
 .a1002 .pin small{ display:block; font-family:var(--do-font-mono); font-weight:600; font-size:max(9px, calc(10 * var(--u)));
-  letter-spacing:.14em; text-transform:uppercase; color:var(--do-cerulean) }
-.a1002 .pin b{ display:block; margin-top:2px; font-family:var(--do-font-heading); font-weight:800; font-size:max(15px, calc(20 * var(--u))) }
+  letter-spacing:.14em; text-transform:uppercase; color:var(--do-text-cerulean) }{ display:block; margin-top:2px; font-family:var(--do-font-heading); font-weight:800; font-size:max(15px, calc(20 * var(--u))) }
 .a1002 .pin > span{ display:block; margin-top:3px; font-size:max(11px, calc(13 * var(--u))) }
 @media (max-width: 760px){
   .a1002{ grid-template-columns:1fr; padding:26px 16px 22px; gap:14px }
   svg.cov-map .cov-lbl, svg.cov-map .cov-sea-l{ display:none }

[0m
Now let me apply all the d17-locations.css changes:
[0m→ [0mRead app/d17-locations.css[90m [limit=5, offset=168][0m
[0m
[0m← [0mEdit app/d17-locations.css
Index: D:\apps\worktrees\decoded-ops-website\web065-tech-seo\app\d17-locations.css
===================================================================
--- D:\apps\worktrees\decoded-ops-website\web065-tech-seo\app\d17-locations.css
+++ D:\apps\worktrees\decoded-ops-website\web065-tech-seo\app\d17-locations.css
@@ -166,9 +166,10 @@
 .a1002 .pin::after{ content:''; position:absolute; left:50%; bottom:-9px; width:14px; height:14px; margin-left:-7px;
   background:var(--do-white); border-right:2px solid var(--do-amber); border-bottom:2px solid var(--do-amber); transform:rotate(45deg) }
 .a1002 .pin .tv{ display:inline; background:color-mix(in srgb, var(--do-amber) 30%, transparent) }
 .a1002 .pin small{ display:block; font-family:var(--do-font-mono); font-weight:600; font-size:max(9px, calc(10 * var(--u)));
-  letter-spacing:.14em; text-transform:uppercase; color:var(--do-text-cerulean) }{ display:block; margin-top:2px; font-family:var(--do-font-heading); font-weight:800; font-size:max(15px, calc(20 * var(--u))) }
+  letter-spacing:.14em; text-transform:uppercase; color:var(--do-text-cerulean) }
+.a1002 .pin b{ display:block; margin-top:2px; font-family:var(--do-font-heading); font-weight:800; font-size:max(15px, calc(20 * var(--u))) }
 .a1002 .pin > span{ display:block; margin-top:3px; font-size:max(11px, calc(13 * var(--u))) }
 @media (max-width: 760px){
   .a1002{ grid-template-columns:1fr; padding:26px 16px 22px; gap:14px }
   svg.cov-map .cov-lbl, svg.cov-map .cov-sea-l{ display:none }

[0m
The edit mangled the file. Let me fix it:
[0m← [0mEdit app/d17-locations.css
Index: D:\apps\worktrees\decoded-ops-website\web065-tech-seo\app\d17-locations.css
===================================================================
--- D:\apps\worktrees\decoded-ops-website\web065-tech-seo\app\d17-locations.css
+++ D:\apps\worktrees\decoded-ops-website\web065-tech-seo\app\d17-locations.css
@@ -290,9 +290,9 @@
   text-transform:none; line-height:1.3; color:color-mix(in srgb, var(--do-off-white) 72%, transparent) }
 .five .rep{ position:relative; background:var(--do-white); color:var(--do-prussian-blue); border-radius:calc(5 * var(--u));
   padding:calc(12 * var(--u)) calc(14 * var(--u)); box-shadow:0 calc(16 * var(--u)) calc(34 * var(--u)) color-mix(in srgb, #000 45%, transparent);
   border:2px solid var(--do-amber); transform:rotate(1.5deg) }
-.five .rep .ref{ font-family:var(--do-font-mono); font-size:max(8px, calc(10 * var(--u))); letter-spacing:.14em; text-transform:uppercase; color:var(--do-cerulean) }
+.five .rep .ref{ font-family:var(--do-font-mono); font-size:max(8px, calc(10 * var(--u))); letter-spacing:.14em; text-transform:uppercase; color:var(--do-text-cerulean) }
 .five .rep b{ display:block; margin-top:4px; font-family:var(--do-font-heading); font-weight:800; font-size:max(14px, calc(18 * var(--u))); line-height:1.1 }
 .five .rep ul{ margin:calc(6 * var(--u)) 0 0; padding:0; list-style:none }
 .five .rep li{ font-size:max(11px, calc(12.5 * var(--u))); line-height:1.3; padding:calc(3 * var(--u)) 0 calc(3 * var(--u)) 14px; position:relative }
 .five .rep li::before{ content:''; position:absolute; left:0; top:calc(50% - 3px); width:7px; height:7px; border-radius:2px; background:var(--do-amber) }

[0m
[0m← [0mEdit app/d17-locations.css
Index: D:\apps\worktrees\decoded-ops-website\web065-tech-seo\app\d17-locations.css
===================================================================
--- D:\apps\worktrees\decoded-ops-website\web065-tech-seo\app\d17-locations.css
+++ D:\apps\worktrees\decoded-ops-website\web065-tech-seo\app\d17-locations.css
@@ -314,9 +314,9 @@
 .keep .cd{ position:relative; background:var(--do-off-white); color:var(--do-prussian-blue); border-radius:calc(6 * var(--u));
   padding:calc(14 * var(--u)) calc(16 * var(--u)) calc(14 * var(--u)) }
 .keep .cd + .cd::before{ content:''; position:absolute; left:calc(-34 * var(--u)); top:50%; width:calc(34 * var(--u)); height:2px;
   background:var(--do-sky-blue) }
-.keep .cd .ref{ font-family:var(--do-font-mono); font-size:max(9px, calc(10 * var(--u))); letter-spacing:.14em; text-transform:uppercase; color:var(--do-cerulean) }
+.keep .cd .ref{ font-family:var(--do-font-mono); font-size:max(9px, calc(10 * var(--u))); letter-spacing:.14em; text-transform:uppercase; color:var(--do-text-cerulean) }
 .keep .cd b{ display:block; margin-top:3px; font-family:var(--do-font-heading); font-weight:800; font-size:max(15px, calc(18 * var(--u))) }
 .keep .cd ul{ list-style:none; margin:calc(8 * var(--u)) 0 0; padding:0 }
 .keep .cd li{ font-size:max(12px, calc(13 * var(--u))); line-height:1.35; padding:calc(4 * var(--u)) 0;
   border-top:1px solid color-mix(in srgb, var(--do-prussian-blue) 12%, transparent) }

[0m
[0m← [0mEdit app/d17-locations.css
Index: D:\apps\worktrees\decoded-ops-website\web065-tech-seo\app\d17-locations.css
===================================================================
--- D:\apps\worktrees\decoded-ops-website\web065-tech-seo\app\d17-locations.css
+++ D:\apps\worktrees\decoded-ops-website\web065-tech-seo\app\d17-locations.css
@@ -341,9 +341,9 @@
 /* ─── DO-ART-1007 · cookies header · four kinds, one choice each (drawn panel) ─── */
 .ck{ display:grid; grid-template-columns:1.25fr 1fr; gap:calc(30 * var(--u)); margin-top:calc(18 * var(--u)); align-items:center }
 .ck .panel{ background:var(--do-off-white); color:var(--do-prussian-blue); border-radius:calc(8 * var(--u));
   padding:calc(12 * var(--u)) calc(16 * var(--u)) calc(14 * var(--u)); box-shadow:0 calc(18 * var(--u)) calc(36 * var(--u)) color-mix(in srgb, #000 40%, transparent) }
-.ck .panel .ref{ font-family:var(--do-font-mono); font-size:max(9px, calc(10 * var(--u))); letter-spacing:.14em; text-transform:uppercase; color:var(--do-cerulean) }
+.ck .panel .ref{ font-family:var(--do-font-mono); font-size:max(9px, calc(10 * var(--u))); letter-spacing:.14em; text-transform:uppercase; color:var(--do-text-cerulean) }
 .ck .row{ display:grid; grid-template-columns:1fr auto; gap:12px; align-items:center; padding:calc(9 * var(--u)) 0;
   border-top:1px solid color-mix(in srgb, var(--do-prussian-blue) 12%, transparent) }
 .ck .row:first-of-type{ margin-top:calc(8 * var(--u)) }
 .ck .row b{ display:block; font-family:var(--do-font-heading); font-weight:800; font-size:max(14px, calc(16 * var(--u))) }

[0m
[0m← [0mEdit app/d17-locations.css
Index: D:\apps\worktrees\decoded-ops-website\web065-tech-seo\app\d17-locations.css
===================================================================
--- D:\apps\worktrees\decoded-ops-website\web065-tech-seo\app\d17-locations.css
+++ D:\apps\worktrees\decoded-ops-website\web065-tech-seo\app\d17-locations.css
@@ -353,9 +353,9 @@
 .sw-t::after{ content:''; position:absolute; top:3px; left:3px; width:16px; height:16px; border-radius:50%;
   background:color-mix(in srgb, var(--do-prussian-blue) 35%, transparent) }
 .sw-t.on{ background:var(--do-prussian-blue); border-color:var(--do-prussian-blue) }
 .sw-t.on::after{ left:23px; background:var(--do-sky-blue) }
-.sw-t.lock::before{ content:'ALWAYS'; position:absolute; right:54px; top:4px; font-family:var(--do-font-mono); font-size:9px; letter-spacing:.14em; color:var(--do-cerulean) }
+.sw-t.lock::before{ content:'ALWAYS'; position:absolute; right:54px; top:4px; font-family:var(--do-font-mono); font-size:9px; letter-spacing:.14em; color:var(--do-text-cerulean) }
 .ck .say h3{ margin:calc(12 * var(--u)) 0 0; font-family:var(--do-font-heading); font-weight:800; color:var(--do-white);
   font-size:max(20px, calc(28 * var(--u))); line-height:1.1; letter-spacing:-.02em }
 .ck .say p{ margin:calc(10 * var(--u)) 0 0; font-size:max(13px, calc(15 * var(--u))); line-height:1.45; color:color-mix(in srgb, var(--do-off-white) 80%, transparent) }
 .ck .say .bar{ width:48px; height:5px; border-radius:3px; background:var(--do-amber) }

[0m
Now let me handle the d17-apps-cases.css. Most `color:var(--do-cerulean)` instances there are text on light backgrounds. Let me do a bulk replacement of `color:var(--do-cerulean)` → `color:var(--do-text-cerulean)`, and also fix `background:var(--do-cerulean)` and `border-color:var(--do-cerulean)` separately:
[0m$ [0mgit -C "D:\apps\worktrees\decoded-ops-website\web065-tech-seo" grep -c "color:var(--do-cerulean)" -- app/d17-apps-cases.css
app/d17-apps-cases.css:15
[0m
[0m→ [0mRead app/d17-apps-cases.css[90m [limit=20, offset=60][0m
[0m→ [0mRead app/d17-apps-cases.css[90m [limit=20, offset=140][0m
[0m
[0m← [0mEdit app/d17-apps-cases.css
Index: D:\apps\worktrees\decoded-ops-website\web065-tech-seo\app\d17-apps-cases.css
===================================================================
--- D:\apps\worktrees\decoded-ops-website\web065-tech-seo\app\d17-apps-cases.css
+++ D:\apps\worktrees\decoded-ops-website\web065-tech-seo\app\d17-apps-cases.css
@@ -62,9 +62,9 @@
 .ver .say{ margin-top:calc(8 * var(--u)); padding:calc(7 * var(--u)) calc(10 * var(--u)); border-left:3px solid var(--do-cerulean);
   border-radius:0 6px 6px 0; background:color-mix(in srgb, var(--do-sky-blue) 12%, transparent);
   font-size:max(10.5px, calc(12 * var(--u))); font-style:italic }
 .ver .say small{ display:block; font-style:normal; font-family:var(--do-font-mono); font-size:max(8px, calc(9 * var(--u)));
-  letter-spacing:.14em; text-transform:uppercase; color:var(--do-cerulean); margin-bottom:2px }
+  letter-spacing:.14em; text-transform:uppercase; color:var(--do-text-cerulean); margin-bottom:2px }
 /* storefront product tiles */
 .tiles{ display:grid; grid-template-columns:1fr 1fr; gap:calc(10 * var(--u)); margin-top:calc(12 * var(--u)) }
 .tile{ background:var(--do-white); border:1px solid color-mix(in srgb, var(--do-prussian-blue) 11%, transparent); border-radius:calc(8 * var(--u)); overflow:hidden }
 .tile img{ display:block; width:100%; aspect-ratio:16 / 10; object-fit:cover }
@@ -74,9 +74,9 @@
 .tile .act{ display:flex; gap:6px; margin-top:calc(7 * var(--u)) }
 .tile .act span{ flex:1; text-align:center; padding:calc(4 * var(--u)) 0; border-radius:calc(4 * var(--u));
   font-size:max(8.5px, calc(9.5 * var(--u))); font-weight:700; border:1.5px solid var(--do-cerulean); color:var(--do-prussian-blue) }
 .tile .act span+span{ background:var(--do-amber); border-color:var(--do-amber) }
-.tile .stock{ font-family:var(--do-font-mono); font-size:max(7.5px, calc(8.5 * var(--u))); letter-spacing:.1em; text-transform:uppercase; color:var(--do-cerulean) }
+.tile .stock{ font-family:var(--do-font-mono); font-size:max(7.5px, calc(8.5 * var(--u))); letter-spacing:.1em; text-transform:uppercase; color:var(--do-text-cerulean) }
 
 /* ─── DO-ART-939 · apps hero · the three apps, three real screens over the floor ─── */
 .a939{ --u:calc(100cqw / 1152); --pu:calc(100% / 1152); min-height:calc(640 * var(--u)); display:flex; flex-direction:column }
 .a939 .d17-ph img{ object-position:50% 58%; --d17-grade:saturate(.6) contrast(1.06) brightness(.78) }
@@ -144,9 +144,9 @@
   border-top:1px solid color-mix(in srgb, var(--do-prussian-blue) 9%, transparent); font-size:max(10px, calc(11.5 * var(--u))); line-height:1.25 }
 .mq .r small{ display:block; font-family:var(--do-font-mono); font-size:max(7.5px, calc(8.5 * var(--u))); letter-spacing:.06em;
   color:color-mix(in srgb, var(--do-prussian-blue) 55%, transparent) }
 .mq .r b{ font-weight:700 }
-.mq .r svg{ width:14px; height:14px; color:var(--do-cerulean) }
+.mq .r svg{ width:14px; height:14px; color:var(--do-text-cerulean) }
 .mq .st{ font-family:var(--do-font-mono); font-weight:600; font-size:max(7.5px, calc(8.5 * var(--u))); letter-spacing:.1em; padding:2px 8px; border-radius:99px;
   color:var(--do-prussian-blue); background:color-mix(in srgb, var(--do-sky-blue) 30%, transparent); white-space:nowrap }
 .mq .st--a{ background:color-mix(in srgb, var(--do-amber) 30%, transparent) }
 .mq .r--open b{ color:color-mix(in srgb, var(--do-prussian-blue) 60%, transparent) }
@@ -186,9 +186,9 @@
 .a943 .ph-row{ margin:0 calc(10 * var(--u)) calc(8 * var(--u)); padding:calc(8 * var(--u)) calc(10 * var(--u)); border-radius:calc(8 * var(--u));
   background:var(--do-white); border:1px solid color-mix(in srgb, var(--do-prussian-blue) 10%, transparent); font-size:max(9.5px, calc(11.5 * var(--u))) }
 .a943 .ph-row b{ display:block; font-family:var(--do-font-heading); font-size:max(11px, calc(14 * var(--u))) }
 .a943 .ph-row--ok{ border:2px solid var(--do-amber) }
-.a943 .ph-row .l{ font-family:var(--do-font-mono); font-size:max(7px, calc(8 * var(--u))); letter-spacing:.14em; text-transform:uppercase; color:var(--do-cerulean) }
+.a943 .ph-row .l{ font-family:var(--do-font-mono); font-size:max(7px, calc(8 * var(--u))); letter-spacing:.14em; text-transform:uppercase; color:var(--do-text-cerulean) }
 .a943 .cap3{ position:absolute; right:calc(44 * var(--u)); top:calc(56 * var(--u)); width:calc(250 * var(--u)) }
 .a943 .cap3 ol{ list-style:none; margin:0; padding:0; counter-reset:c }
 .a943 .cap3 li{ counter-increment:c; padding:calc(14 * var(--u)) 0; border-top:1px solid color-mix(in srgb, var(--do-sky-blue) 25%, transparent);
   font-size:max(12px, calc(15 * var(--u))); line-height:1.35; color:color-mix(in srgb, var(--do-off-white) 82%, transparent) }
@@ -323,23 +323,23 @@
     color-mix(in srgb, var(--do-prussian-blue) 88%, transparent) calc(280 * var(--u)), var(--do-prussian-blue) calc(320 * var(--u))) }
 .a946 .mw{ --u:calc(100cqw / 520) }
 .a946 .acct{ display:flex; justify-content:space-between; align-items:center; gap:10px; padding:calc(7 * var(--u)) calc(14 * var(--u));
   background:color-mix(in srgb, var(--do-sky-blue) 22%, var(--do-white)); font-size:max(9.5px, calc(11 * var(--u))); font-weight:600 }
-.a946 .acct b{ font-family:var(--do-font-mono); font-weight:600; font-size:max(8px, calc(9 * var(--u))); letter-spacing:.12em; text-transform:uppercase; color:var(--do-cerulean) }
+.a946 .acct b{ font-family:var(--do-font-mono); font-weight:600; font-size:max(8px, calc(9 * var(--u))); letter-spacing:.12em; text-transform:uppercase; color:var(--do-text-cerulean) }
 .a946 .shop{ display:grid; grid-template-columns:calc(118 * var(--u)) 1fr; gap:calc(14 * var(--u)) }
 .a946 .facets{ font-size:max(9.5px, calc(11 * var(--u))) }
 .a946 .facets .fh{ font-family:var(--do-font-mono); font-size:max(7.5px, calc(8.5 * var(--u))); letter-spacing:.14em; text-transform:uppercase;
   color:color-mix(in srgb, var(--do-prussian-blue) 55%, transparent); margin:calc(10 * var(--u)) 0 calc(4 * var(--u)) }
 .a946 .facets label{ display:flex; align-items:center; gap:6px; padding:calc(3 * var(--u)) 0 }
 .a946 .facets label i{ width:10px; height:10px; border-radius:2px; border:1.5px solid color-mix(in srgb, var(--do-prussian-blue) 35%, transparent) }
-.a946 .facets label.on i{ background:var(--do-cerulean); border-color:var(--do-cerulean) }
+.a946 .facets label.on i{ background:var(--do-cerulean); border-color:var(--do-text-cerulean) }
 .a946 .tile .pr{ display:flex; justify-content:space-between; align-items:baseline; margin-top:calc(5 * var(--u)); font-size:max(9px, calc(10 * var(--u))) }
-.a946 .tile .pr b{ font-family:var(--do-font-mono); font-size:max(7.5px, calc(8.5 * var(--u))); letter-spacing:.1em; text-transform:uppercase; color:var(--do-cerulean) }
+.a946 .tile .pr b{ font-family:var(--do-font-mono); font-size:max(7.5px, calc(8.5 * var(--u))); letter-spacing:.1em; text-transform:uppercase; color:var(--do-text-cerulean) }
 .a946 .tile .pr i{ display:block; width:40%; height:7px; border-radius:9px; background:color-mix(in srgb, var(--do-prussian-blue) 18%, transparent) }
 .a946 .quote{ position:absolute; right:calc(4 * var(--u)); bottom:calc(-26 * var(--u)); z-index:3; width:calc(210 * var(--u));
   background:var(--do-white); color:var(--do-prussian-blue); border-radius:calc(8 * var(--u)); padding:calc(12 * var(--u)) calc(14 * var(--u));
   border:2px solid var(--do-amber); box-shadow:0 calc(18 * var(--u)) calc(36 * var(--u)) color-mix(in srgb, #000 45%, transparent); transform:rotate(2deg) }
-.a946 .quote .l{ font-family:var(--do-font-mono); font-size:max(8px, calc(9 * var(--u))); letter-spacing:.14em; text-transform:uppercase; color:var(--do-cerulean) }
+.a946 .quote .l{ font-family:var(--do-font-mono); font-size:max(8px, calc(9 * var(--u))); letter-spacing:.14em; text-transform:uppercase; color:var(--do-text-cerulean) }
 .a946 .quote b{ display:block; margin-top:2px; font-family:var(--do-font-heading); font-size:max(12px, calc(15 * var(--u))) }
 .a946 .quote p{ margin:3px 0 0; font-size:max(10px, calc(11 * var(--u))); line-height:1.35; color:color-mix(in srgb, var(--do-prussian-blue) 72%, transparent) }
 .a946 .sx-foot{ padding-top:calc(44 * var(--u)) }
 @media (max-width: 760px){
@@ -360,9 +360,9 @@
 .a948 .d17-ph img{ object-position:50% 55%; --d17-grade:saturate(.7) contrast(1.06) brightness(.82) }
 .a948 .doc-s{ left:calc(0 * var(--u)); top:calc(20 * var(--u)); width:calc(380 * var(--u)); transform:rotate(-2.5deg) }
 .a948 .doc-o{ left:calc(390 * var(--u)); top:calc(150 * var(--u)); width:calc(300 * var(--u)); transform:rotate(3deg) }
 .a948 .d17-doc ol li{ grid-template-columns:calc(24 * var(--u)) 1fr auto; white-space:normal }
-.a948 .d17-doc li em{ font-style:normal; justify-self:end; font-family:var(--do-font-mono); font-size:max(6px, calc(9.5 * var(--u))); letter-spacing:.08em; color:var(--do-cerulean) }
+.a948 .d17-doc li em{ font-style:normal; justify-self:end; font-family:var(--do-font-mono); font-size:max(6px, calc(9.5 * var(--u))); letter-spacing:.08em; color:var(--do-text-cerulean) }
 .a948 .d17-doc li.hit em{ color:var(--do-prussian-blue); background:color-mix(in srgb, var(--do-amber) 35%, transparent); padding:2px 6px; border-radius:4px }
 .a948 .opt{ display:grid; grid-template-columns:1fr auto; gap:calc(4 * var(--u)) calc(12 * var(--u)); margin-top:calc(10 * var(--u)); font-size:max(7px, calc(11.5 * var(--u))) }
 .a948 .opt span{ padding:calc(6 * var(--u)) 0; border-top:1px solid color-mix(in srgb, var(--do-prussian-blue) 12%, transparent); font-weight:600 }
 .a948 .opt span:nth-child(even){ font-family:var(--do-font-mono); font-weight:500; font-size:max(6px, calc(9.5 * var(--u))); letter-spacing:.08em; color:color-mix(in srgb, var(--do-prussian-blue) 60%, transparent); text-align:right }
@@ -382,9 +382,9 @@
 .d17-doc .figs li{ display:flex; white-space:normal; align-items:baseline; gap:calc(10 * var(--u)); padding:calc(5 * var(--u)) 0;
   border-top:1px solid color-mix(in srgb, var(--do-prussian-blue) 12%, transparent); font-size:max(7px, calc(11 * var(--u))); line-height:1.25 }
 .d17-doc .figs li b{ color:var(--do-prussian-blue); font-family:var(--do-font-heading); font-weight:800; font-size:max(10px, calc(19 * var(--u))); letter-spacing:-.02em; min-width:4.4ch; font-variant-numeric:tabular-nums }
 .figs--none li{ color:color-mix(in srgb, var(--do-prussian-blue) 70%, transparent) }
-.d17-doc .figs--none li b{ font-family:var(--do-font-mono); font-weight:600; font-size:max(7px, calc(10 * var(--u))); letter-spacing:.1em; min-width:0; color:var(--do-cerulean) }
+.d17-doc .figs--none li b{ font-family:var(--do-font-mono); font-weight:600; font-size:max(7px, calc(10 * var(--u))); letter-spacing:.1em; min-width:0; color:var(--do-text-cerulean) }
 .stamp2{ display:inline-block; margin-top:calc(10 * var(--u)); padding:calc(4 * var(--u)) calc(9 * var(--u)); transform:rotate(-3deg);
   border:2px solid var(--do-cerulean); border-radius:calc(4 * var(--u)); font-family:var(--do-font-mono); font-weight:700;
   font-size:max(7px, calc(10 * var(--u))); letter-spacing:.14em; text-transform:uppercase; color:var(--do-prussian-blue);
   background:color-mix(in srgb, var(--do-sky-blue) 18%, var(--do-white)) }
@@ -457,9 +457,9 @@
 .a952 .sx-foot{ padding-top:calc(4 * var(--u)) }
 
 /* related cards on the case study pages (live IA, 23 Sep copy) */
 [data-od-id="related"] .card{ display:flex; flex-direction:column }
-[data-od-id="related"] .card .kicker{ display:block; font-family:var(--do-font-mono); font-size:11px; letter-spacing:.16em; text-transform:uppercase; color:var(--do-cerulean); margin-bottom:10px }
+[data-od-id="related"] .card .kicker{ display:block; font-family:var(--do-font-mono); font-size:11px; letter-spacing:.16em; text-transform:uppercase; color:var(--do-text-cerulean); margin-bottom:10px }
 [data-od-id="related"] .card h3{ margin:0 0 8px }
 [data-od-id="related"] .card p{ flex:1; margin:0 0 16px; color:var(--do-text-secondary); font-size:var(--do-text-sm) }
 [data-od-id="related"] .card .readmore{ font-size:var(--do-text-sm); font-weight:700; color:var(--do-text-primary); text-decoration:none }
 [data-od-id="related"] .card .readmore::after{ content:' →' }
@@ -517,9 +517,9 @@
 .d17-doc .pair li b{ font-family:var(--do-font-heading); font-weight:800; font-size:max(8px, calc(14 * var(--u))); color:var(--do-prussian-blue) }
 .a954 .doc-b .pair li{ color:color-mix(in srgb, var(--do-prussian-blue) 72%, transparent) }
 .a954 .proj{ margin-top:calc(10 * var(--u)); padding:calc(8 * var(--u)) calc(10 * var(--u)); border:1.5px dashed var(--do-cerulean); border-radius:calc(4 * var(--u));
   font-size:max(7px, calc(10.5 * var(--u))); line-height:1.35 }
-.a954 .proj b{ display:block; font-family:var(--do-font-mono); font-size:max(6px, calc(9 * var(--u))); letter-spacing:.14em; text-transform:uppercase; color:var(--do-cerulean) }
+.a954 .proj b{ display:block; font-family:var(--do-font-mono); font-size:max(6px, calc(9 * var(--u))); letter-spacing:.14em; text-transform:uppercase; color:var(--do-text-cerulean) }
 @media (max-width: 760px){
   .a954 .stage .d17-doc{ --u:.72px }
   .d17-doc .pair li{ font-size:11px } .d17-doc .pair li b{ font-size:13px } .a954 .proj{ font-size:10.5px } .a954 .proj b{ font-size:9px }
 }
@@ -532,9 +532,9 @@
     transparent 44%, color-mix(in srgb, var(--do-prussian-blue) 90%, transparent) 78%, var(--do-prussian-blue) 100%) }
 .a955 .doc-r{ left:calc(24 * var(--u)); top:calc(62 * var(--u)); width:calc(290 * var(--u)); transform:rotate(-3deg) }
 .a955 .doc-e{ left:calc(262 * var(--u)); top:calc(120 * var(--u)); width:calc(274 * var(--u)); transform:rotate(2.5deg) }
 .a955 .d17-doc li{ grid-template-columns:calc(34 * var(--u)) 1fr auto; white-space:normal }
-.a955 .d17-doc li em{ font-style:normal; justify-self:end; font-family:var(--do-font-mono); font-size:max(6px, calc(9 * var(--u))); letter-spacing:.08em; color:var(--do-cerulean) }
+.a955 .d17-doc li em{ font-style:normal; justify-self:end; font-family:var(--do-font-mono); font-size:max(6px, calc(9 * var(--u))); letter-spacing:.08em; color:var(--do-text-cerulean) }
 .a955 dl.shape{ margin:calc(10 * var(--u)) 0 0; display:grid; gap:calc(8 * var(--u)) }
 .a955 dl.shape div{ border-top:1px solid color-mix(in srgb, var(--do-prussian-blue) 12%, transparent); padding-top:calc(6 * var(--u)) }
 .a955 dl.shape dt{ font-family:var(--do-font-mono); font-size:max(7px, calc(9.5 * var(--u))); letter-spacing:.14em; text-transform:uppercase; color:color-mix(in srgb, var(--do-prussian-blue) 55%, transparent) }
 .a955 dl.shape dd{ margin:2px 0 0; font-weight:700; font-size:max(9px, calc(13 * var(--u))); line-height:1.3 }
@@ -564,18 +564,18 @@
 .a957 .bar2{ display:block; height:7px; border-radius:9px; margin-top:7px; background:color-mix(in srgb, var(--do-prussian-blue) 12%, transparent) }
 .a957 .ex{ display:grid; grid-template-columns:calc(26 * var(--u)) 1fr auto; gap:10px; align-items:center; padding:calc(8 * var(--u)) 0;
   border-top:1px solid color-mix(in srgb, var(--do-prussian-blue) 9%, transparent); font-size:max(11px, calc(13 * var(--u))) }
 .a957 .ex b{ margin:0; font-family:var(--do-font-mono); font-weight:500; font-size:max(9px, calc(10.5 * var(--u))); color:color-mix(in srgb, var(--do-prussian-blue) 55%, transparent) }
-.a957 .ex em{ font-style:normal; font-family:var(--do-font-mono); font-size:max(9px, calc(10 * var(--u))); color:var(--do-cerulean) }
+.a957 .ex em{ font-style:normal; font-family:var(--do-font-mono); font-size:max(9px, calc(10 * var(--u))); color:var(--do-text-cerulean) }
 .a957 .draft{ display:inline-block; margin-top:calc(10 * var(--u)); padding:3px 10px; border-radius:99px; font-family:var(--do-font-mono); font-size:max(9px, calc(10 * var(--u))); letter-spacing:.12em;
   background:color-mix(in srgb, var(--do-prussian-blue) 8%, transparent) }
 .a957 .gate{ border:2px solid var(--do-amber); box-shadow:0 0 0 4px color-mix(in srgb, var(--do-amber) 18%, transparent) }
 .a957 .gate .who{ font-family:var(--do-font-heading); font-weight:800; font-size:max(14px, calc(19 * var(--u))) }
 .a957 .gate p{ margin:6px 0 0; line-height:1.4; color:color-mix(in srgb, var(--do-prussian-blue) 75%, transparent) }
 .a957 .btns{ display:flex; gap:8px; margin-top:calc(12 * var(--u)) }
 .a957 .btns span{ flex:1; text-align:center; padding:calc(7 * var(--u)) 0; border-radius:calc(6 * var(--u)); font-weight:700; font-size:max(10.5px, calc(12 * var(--u))); border:1.5px solid var(--do-cerulean) }
 .a957 .btns span:first-child{ background:var(--do-amber); border-color:var(--do-amber) }
-.a957 .lock{ margin-top:calc(10 * var(--u)); font-family:var(--do-font-mono); font-size:max(9px, calc(10 * var(--u))); letter-spacing:.1em; text-transform:uppercase; color:var(--do-cerulean) }
+.a957 .lock{ margin-top:calc(10 * var(--u)); font-family:var(--do-font-mono); font-size:max(9px, calc(10 * var(--u))); letter-spacing:.1em; text-transform:uppercase; color:var(--do-text-cerulean) }
 @media (max-width: 760px){
   .a957{ padding:22px 14px 20px }
   .a957 .hd{ flex-direction:column; align-items:flex-start }
   .a957 .win-main{ grid-template-columns:1fr; gap:16px; --u:1px }

[0m
Now restore the SVG icon instance that should stay cerulean:
[0m← [0mEdit app/d17-apps-cases.css
Index: D:\apps\worktrees\decoded-ops-website\web065-tech-seo\app\d17-apps-cases.css
===================================================================
--- D:\apps\worktrees\decoded-ops-website\web065-tech-seo\app\d17-apps-cases.css
+++ D:\apps\worktrees\decoded-ops-website\web065-tech-seo\app\d17-apps-cases.css
@@ -144,9 +144,9 @@
   border-top:1px solid color-mix(in srgb, var(--do-prussian-blue) 9%, transparent); font-size:max(10px, calc(11.5 * var(--u))); line-height:1.25 }
 .mq .r small{ display:block; font-family:var(--do-font-mono); font-size:max(7.5px, calc(8.5 * var(--u))); letter-spacing:.06em;
   color:color-mix(in srgb, var(--do-prussian-blue) 55%, transparent) }
 .mq .r b{ font-weight:700 }
-.mq .r svg{ width:14px; height:14px; color:var(--do-text-cerulean) }
+.mq .r svg{ width:14px; height:14px; color:var(--do-cerulean) }
 .mq .st{ font-family:var(--do-font-mono); font-weight:600; font-size:max(7.5px, calc(8.5 * var(--u))); letter-spacing:.1em; padding:2px 8px; border-radius:99px;
   color:var(--do-prussian-blue); background:color-mix(in srgb, var(--do-sky-blue) 30%, transparent); white-space:nowrap }
 .mq .st--a{ background:color-mix(in srgb, var(--do-amber) 30%, transparent) }
 .mq .r--open b{ color:color-mix(in srgb, var(--do-prussian-blue) 60%, transparent) }

[0m
[0m→ [0mRead app/d17-apps-cases.css[90m [limit=5, offset=332][0m
[0m
[0m← [0mEdit app/d17-apps-cases.css
Index: D:\apps\worktrees\decoded-ops-website\web065-tech-seo\app\d17-apps-cases.css
===================================================================
--- D:\apps\worktrees\decoded-ops-website\web065-tech-seo\app\d17-apps-cases.css
+++ D:\apps\worktrees\decoded-ops-website\web065-tech-seo\app\d17-apps-cases.css
@@ -330,9 +330,9 @@
 .a946 .facets .fh{ font-family:var(--do-font-mono); font-size:max(7.5px, calc(8.5 * var(--u))); letter-spacing:.14em; text-transform:uppercase;
   color:color-mix(in srgb, var(--do-prussian-blue) 55%, transparent); margin:calc(10 * var(--u)) 0 calc(4 * var(--u)) }
 .a946 .facets label{ display:flex; align-items:center; gap:6px; padding:calc(3 * var(--u)) 0 }
 .a946 .facets label i{ width:10px; height:10px; border-radius:2px; border:1.5px solid color-mix(in srgb, var(--do-prussian-blue) 35%, transparent) }
-.a946 .facets label.on i{ background:var(--do-cerulean); border-color:var(--do-text-cerulean) }
+.a946 .facets label.on i{ background:var(--do-cerulean); border-color:var(--do-cerulean) }
 .a946 .tile .pr{ display:flex; justify-content:space-between; align-items:baseline; margin-top:calc(5 * var(--u)); font-size:max(9px, calc(10 * var(--u))) }
 .a946 .tile .pr b{ font-family:var(--do-font-mono); font-size:max(7.5px, calc(8.5 * var(--u))); letter-spacing:.1em; text-transform:uppercase; color:var(--do-text-cerulean) }
 .a946 .tile .pr i{ display:block; width:40%; height:7px; border-radius:9px; background:color-mix(in srgb, var(--do-prussian-blue) 18%, transparent) }
 .a946 .quote{ position:absolute; right:calc(4 * var(--u)); bottom:calc(-26 * var(--u)); z-index:3; width:calc(210 * var(--u));

[0m
[0m← [0mEdit app/d17-art.module.css
Index: D:\apps\worktrees\decoded-ops-website\web065-tech-seo\app\d17-art.module.css
===================================================================
--- D:\apps\worktrees\decoded-ops-website\web065-tech-seo\app\d17-art.module.css
+++ D:\apps\worktrees\decoded-ops-website\web065-tech-seo\app\d17-art.module.css
@@ -61,9 +61,9 @@
   background: color-mix(in srgb, var(--do-prussian-blue) 12%, transparent) }
 .d17Doc .lines i { display: block; height: calc(5 * var(--u)); border-radius: 9px; margin-top: calc(7 * var(--u));
   background: color-mix(in srgb, var(--do-prussian-blue) 11%, transparent) }
 .d17Doc .phase { margin-top: calc(11 * var(--u)); font-family: var(--do-font-mono); font-weight: 700;
-  font-size: max(6px, calc(10 * var(--u))); letter-spacing: .14em; text-transform: uppercase; color: var(--do-cerulean) }
+  font-size: max(6px, calc(10 * var(--u))); letter-spacing: .14em; text-transform: uppercase; color: var(--do-text-cerulean) }
 
 /* ─── DO-ART-916 · home hero · document mock-ups over the workshop floor ─── */
 .a916 { --u: calc(100cqw / 560); display: flex; flex-direction: column }
 .a916 .d17Ph img { object-position: 50% 18% }

[0m
Now the other d17 CSS files:
[0m→ [0mRead app/d17-art.module.css[90m [limit=10, offset=305][0m
[0m
[0m← [0mEdit app/d17-art.module.css
Index: D:\apps\worktrees\decoded-ops-website\web065-tech-seo\app\d17-art.module.css
===================================================================
--- D:\apps\worktrees\decoded-ops-website\web065-tech-seo\app\d17-art.module.css
+++ D:\apps\worktrees\decoded-ops-website\web065-tech-seo\app\d17-art.module.css
@@ -304,9 +304,9 @@
 .a920 .note ol { margin: calc(10 * var(--u)) 0 0; padding: 0; list-style: none; counter-reset: c }
 .a920 .note li { counter-increment: c; display: grid; grid-template-columns: 22px 1fr; gap: 6px; padding: calc(6 * var(--u)) 0;
   border-top: 1px solid color-mix(in srgb, var(--do-prussian-blue) 12%, transparent);
   font-size: max(12px, calc(14 * var(--u))); line-height: 1.35; font-weight: 600 }
-.a920 .note li::before { content: '0' counter(c); font-family: var(--do-font-mono); font-size: 10px; color: var(--do-cerulean); padding-top: 3px }
+.a920 .note li::before { content: '0' counter(c); font-family: var(--do-font-mono); font-size: 10px; color: var(--do-text-cerulean); padding-top: 3px }
 .a920 .d17MarkAbs { left: calc(56 * var(--u)); bottom: calc(28 * var(--u)) }
 
 /* ─── motion: in-page draw (D16/D17). Resting state = the still. ─── */
 @media (prefers-reduced-motion: no-preference) {

[0m
[0m← [0mEdit app/d17-problems.css
Index: D:\apps\worktrees\decoded-ops-website\web065-tech-seo\app\d17-problems.css
===================================================================
--- D:\apps\worktrees\decoded-ops-website\web065-tech-seo\app\d17-problems.css
+++ D:\apps\worktrees\decoded-ops-website\web065-tech-seo\app\d17-problems.css
@@ -63,9 +63,9 @@
   color:color-mix(in srgb, var(--do-prussian-blue) 60%, transparent) }
 .srcs b{ display:block; margin-top:2px; font-family:var(--do-font-heading); font-weight:800; font-size:max(17px, calc(24 * var(--u))); letter-spacing:-.02em }
 .srcs div.x{ border:2px solid var(--do-amber); background:color-mix(in srgb, var(--do-amber) 12%, var(--do-white)) }
 .typing{ display:inline-flex; gap:4px; margin-top:calc(10 * var(--u)); font-family:var(--do-font-mono); font-size:max(9px, calc(10 * var(--u)));
-  letter-spacing:.12em; text-transform:uppercase; color:var(--do-cerulean) }
+  letter-spacing:.12em; text-transform:uppercase; color:var(--do-text-cerulean) }
 
 /* ─── DO-ART-961 · bottleneck hero · machines ready, every tag waiting on the owner (photo-led) ─── */
 .a961 .stage{ aspect-ratio:560 / 470 }
 .a961 .d17-ph img{ object-position:30% 40%; --d17-grade:saturate(.6) contrast(1.06) brightness(.82) }

[0m
[0m→ [0mRead app/d17-problems.css[90m [limit=10, offset=106][0m
[0m→ [0mRead app/d17-problems.css[90m [limit=10, offset=145][0m
[0m→ [0mRead app/d17-problems.css[90m [limit=10, offset=386][0m
[0m
[0m← [0mEdit app/d17-problems.css
Index: D:\apps\worktrees\decoded-ops-website\web065-tech-seo\app\d17-problems.css
===================================================================
--- D:\apps\worktrees\decoded-ops-website\web065-tech-seo\app\d17-problems.css
+++ D:\apps\worktrees\decoded-ops-website\web065-tech-seo\app\d17-problems.css
@@ -106,10 +106,9 @@
 .q-list{ margin:calc(10 * var(--u)) 0 0; padding:0; list-style:none }
 .q-list li{ display:block; padding:calc(6 * var(--u)) 0; border-top:1px solid color-mix(in srgb, var(--do-prussian-blue) 11%, transparent);
   font-size:max(8px, calc(11 * var(--u))); font-weight:600; line-height:1.3; white-space:normal }
 .q-list li span{ display:block; font-family:var(--do-font-mono); font-weight:500; font-size:max(6.5px, calc(9 * var(--u))); letter-spacing:.08em;
-  text-transform:uppercase; color:var(--do-cerulean) }
-.q-list li.hot span{ color:color-mix(in srgb, var(--do-amber) 55%, var(--do-prussian-blue)) }
+  text-transform:uppercase; color:var(--do-text-cerulean) }{ color:color-mix(in srgb, var(--do-amber) 55%, var(--do-prussian-blue)) }
 
 /* ─── DO-ART-963 · cant-scale hero · the flow and where the queues pile up (drawn plate) ─── */
 .a963 svg.q{ margin-top:calc(4 * var(--u)) }
 svg.q .qb{ fill:color-mix(in srgb, var(--do-sky-blue) 30%, var(--do-prussian-blue)); stroke:color-mix(in srgb, var(--do-sky-blue) 65%, transparent); stroke-width:1.2 }

[0m
[0m→ [0mRead app/d17-problems.css[90m [limit=5, offset=108][0m
[0m
[0m← [0mEdit app/d17-problems.css
Index: D:\apps\worktrees\decoded-ops-website\web065-tech-seo\app\d17-problems.css
===================================================================
--- D:\apps\worktrees\decoded-ops-website\web065-tech-seo\app\d17-problems.css
+++ D:\apps\worktrees\decoded-ops-website\web065-tech-seo\app\d17-problems.css
@@ -106,9 +106,10 @@
 .q-list{ margin:calc(10 * var(--u)) 0 0; padding:0; list-style:none }
 .q-list li{ display:block; padding:calc(6 * var(--u)) 0; border-top:1px solid color-mix(in srgb, var(--do-prussian-blue) 11%, transparent);
   font-size:max(8px, calc(11 * var(--u))); font-weight:600; line-height:1.3; white-space:normal }
 .q-list li span{ display:block; font-family:var(--do-font-mono); font-weight:500; font-size:max(6.5px, calc(9 * var(--u))); letter-spacing:.08em;
-  text-transform:uppercase; color:var(--do-text-cerulean) }{ color:color-mix(in srgb, var(--do-amber) 55%, var(--do-prussian-blue)) }
+  text-transform:uppercase; color:var(--do-text-cerulean) }
+.q-list li.hot span{ color:color-mix(in srgb, var(--do-amber) 55%, var(--do-prussian-blue)) }
 
 /* ─── DO-ART-963 · cant-scale hero · the flow and where the queues pile up (drawn plate) ─── */
 .a963 svg.q{ margin-top:calc(4 * var(--u)) }
 svg.q .qb{ fill:color-mix(in srgb, var(--do-sky-blue) 30%, var(--do-prussian-blue)); stroke:color-mix(in srgb, var(--do-sky-blue) 65%, transparent); stroke-width:1.2 }

[0m
[0m← [0mEdit app/d17-problems.css
Index: D:\apps\worktrees\decoded-ops-website\web065-tech-seo\app\d17-problems.css
===================================================================
--- D:\apps\worktrees\decoded-ops-website\web065-tech-seo\app\d17-problems.css
+++ D:\apps\worktrees\decoded-ops-website\web065-tech-seo\app\d17-problems.css
@@ -145,9 +145,9 @@
 .cols .c > span{ display:block; font-family:var(--do-font-mono); font-size:max(8px, calc(9.5 * var(--u))); letter-spacing:.12em; text-transform:uppercase;
   color:color-mix(in srgb, var(--do-prussian-blue) 65%, transparent); margin-bottom:calc(6 * var(--u)) }
 .cols .j{ background:var(--do-white); border:1px solid color-mix(in srgb, var(--do-prussian-blue) 12%, transparent); border-radius:calc(4 * var(--u));
   padding:calc(6 * var(--u)) calc(7 * var(--u)); margin-bottom:calc(5 * var(--u)); font-size:max(9.5px, calc(11 * var(--u))); font-weight:700; line-height:1.25 }
-.cols .j small{ display:block; font-family:var(--do-font-mono); font-weight:500; font-size:max(7.5px, calc(8.5 * var(--u))); letter-spacing:.08em; color:var(--do-cerulean) }
+.cols .j small{ display:block; font-family:var(--do-font-mono); font-weight:500; font-size:max(7.5px, calc(8.5 * var(--u))); letter-spacing:.08em; color:var(--do-text-cerulean) }
 .cols .j.miss{ border:2px dashed var(--do-amber); background:color-mix(in srgb, var(--do-amber) 10%, var(--do-white)); color:color-mix(in srgb, var(--do-prussian-blue) 80%, transparent) }
 .a966 .gap-l{ position:absolute; z-index:5; left:50%; transform:translateX(-50%); display:flex; align-items:center; gap:8px;
   font-family:var(--do-font-mono); font-weight:700; font-size:max(9px, calc(10.5 * var(--u))); letter-spacing:.14em; text-transform:uppercase;
   color:var(--do-prussian-blue); background:var(--do-amber); padding:calc(4 * var(--u)) calc(10 * var(--u)); border-radius:99px; white-space:nowrap }

[0m
[0m← [0mEdit app/d17-problems.css
Index: D:\apps\worktrees\decoded-ops-website\web065-tech-seo\app\d17-problems.css
===================================================================
--- D:\apps\worktrees\decoded-ops-website\web065-tech-seo\app\d17-problems.css
+++ D:\apps\worktrees\decoded-ops-website\web065-tech-seo\app\d17-problems.css
@@ -386,9 +386,9 @@
 .reg th{ text-align:left; font-family:var(--do-font-mono); font-weight:600; font-size:max(7px, calc(9.5 * var(--u))); letter-spacing:.14em; text-transform:uppercase;
   color:color-mix(in srgb, var(--do-prussian-blue) 55%, transparent); padding:0 0 calc(5 * var(--u)) }
 .reg td{ padding:calc(5.5 * var(--u)) calc(8 * var(--u)) calc(5.5 * var(--u)) 0; border-top:1px solid color-mix(in srgb, var(--do-prussian-blue) 11%, transparent); font-weight:600; white-space:nowrap }
 .reg td + td{ font-weight:500 }
-.reg td.s{ font-family:var(--do-font-mono); font-size:max(7px, calc(10 * var(--u))); color:var(--do-cerulean) }
+.reg td.s{ font-family:var(--do-font-mono); font-size:max(7px, calc(10 * var(--u))); color:var(--do-text-cerulean) }
 .sop .h{ margin:calc(9 * var(--u)) 0 0; font-family:var(--do-font-mono); font-weight:700; font-size:max(7px, calc(10 * var(--u))); letter-spacing:.14em; text-transform:uppercase; color:var(--do-cerulean) }
 .sop .h i{ font-style:normal; color:color-mix(in srgb, var(--do-prussian-blue) 55%, transparent); margin-right:6px }
 .sop .p{ margin:calc(3 * var(--u)) 0 0; font-size:max(8.5px, calc(11.5 * var(--u))); line-height:1.35 }
 .sop .line{ height:calc(5 * var(--u)); border-radius:9px; margin-top:calc(6 * var(--u)); background:color-mix(in srgb, var(--do-prussian-blue) 12%, transparent) }

[0m
[0m← [0mEdit app/d17-problems.css
Index: D:\apps\worktrees\decoded-ops-website\web065-tech-seo\app\d17-problems.css
===================================================================
--- D:\apps\worktrees\decoded-ops-website\web065-tech-seo\app\d17-problems.css
+++ D:\apps\worktrees\decoded-ops-website\web065-tech-seo\app\d17-problems.css
@@ -387,9 +387,9 @@
   color:color-mix(in srgb, var(--do-prussian-blue) 55%, transparent); padding:0 0 calc(5 * var(--u)) }
 .reg td{ padding:calc(5.5 * var(--u)) calc(8 * var(--u)) calc(5.5 * var(--u)) 0; border-top:1px solid color-mix(in srgb, var(--do-prussian-blue) 11%, transparent); font-weight:600; white-space:nowrap }
 .reg td + td{ font-weight:500 }
 .reg td.s{ font-family:var(--do-font-mono); font-size:max(7px, calc(10 * var(--u))); color:var(--do-text-cerulean) }
-.sop .h{ margin:calc(9 * var(--u)) 0 0; font-family:var(--do-font-mono); font-weight:700; font-size:max(7px, calc(10 * var(--u))); letter-spacing:.14em; text-transform:uppercase; color:var(--do-cerulean) }
+.sop .h{ margin:calc(9 * var(--u)) 0 0; font-family:var(--do-font-mono); font-weight:700; font-size:max(7px, calc(10 * var(--u))); letter-spacing:.14em; text-transform:uppercase; color:var(--do-text-cerulean) }
 .sop .h i{ font-style:normal; color:color-mix(in srgb, var(--do-prussian-blue) 55%, transparent); margin-right:6px }
 .sop .p{ margin:calc(3 * var(--u)) 0 0; font-size:max(8.5px, calc(11.5 * var(--u))); line-height:1.35 }
 .sop .line{ height:calc(5 * var(--u)); border-radius:9px; margin-top:calc(6 * var(--u)); background:color-mix(in srgb, var(--do-prussian-blue) 12%, transparent) }
 .il .e{ display:grid; grid-template-columns:calc(90 * var(--u)) 1fr; gap:calc(12 * var(--u)); padding:calc(8 * var(--u)) 0; border-top:1px solid color-mix(in srgb, var(--do-prussian-blue) 12%, transparent) }

[0m
[0m→ [0mRead app/d17-resources.css[90m [limit=10, offset=42][0m
[0m→ [0mRead app/d17-resources.css[90m [limit=10, offset=192][0m
[0m→ [0mRead app/d17-resources.css[90m [limit=5, offset=250][0m
[0m→ [0mRead app/d17-resources.css[90m [limit=5, offset=341][0m
[0m
[0m← [0mEdit app/d17-resources.css
Index: D:\apps\worktrees\decoded-ops-website\web065-tech-seo\app\d17-resources.css
===================================================================
--- D:\apps\worktrees\decoded-ops-website\web065-tech-seo\app\d17-resources.css
+++ D:\apps\worktrees\decoded-ops-website\web065-tech-seo\app\d17-resources.css
@@ -41,9 +41,9 @@
 .d17-doc .tl li i.q{ box-shadow:none; background:var(--do-amber) }
 .d17-doc .tl li i.q::after{ content:'?'; font-family:var(--do-font-heading); font-weight:800; font-size:max(7px, calc(11 * var(--u))); color:var(--do-prussian-blue) }
 .d17-doc .tl li.h{ background:color-mix(in srgb, var(--do-amber) 18%, transparent) }
 .d17-doc .tl li em{ font-style:normal; font-family:var(--do-font-mono); font-weight:500; font-size:max(6.5px, calc(9.5 * var(--u)));
-  letter-spacing:.06em; color:var(--do-cerulean); margin-left:.5em }
+  letter-spacing:.06em; color:var(--do-text-cerulean); margin-left:.5em }
 /* sticky note */
 .note-y{ position:absolute; z-index:5; width:calc(170 * var(--u)); padding:calc(12 * var(--u)) calc(13 * var(--u));
   background:color-mix(in srgb, var(--do-amber) 88%, var(--do-white)); color:var(--do-prussian-blue);
   font-family:var(--do-font-heading); font-weight:600; font-size:max(9px, calc(14 * var(--u))); line-height:1.25;

[0m
[0m← [0mEdit app/d17-resources.css
Index: D:\apps\worktrees\decoded-ops-website\web065-tech-seo\app\d17-resources.css
===================================================================
--- D:\apps\worktrees\decoded-ops-website\web065-tech-seo\app\d17-resources.css
+++ D:\apps\worktrees\decoded-ops-website\web065-tech-seo\app\d17-resources.css
@@ -190,9 +190,9 @@
 .a987 .doc-sop{ left:calc(24 * var(--u)); top:calc(70 * var(--u)); width:calc(318 * var(--u)); transform:rotate(-2deg); z-index:2 }
 .fld{ margin-top:calc(8 * var(--u)); padding-top:calc(7 * var(--u)); border-top:1px solid color-mix(in srgb, var(--do-prussian-blue) 12%, transparent) }
 .fld span{ display:block; font-family:var(--do-font-mono); font-size:max(6px, calc(9 * var(--u))); letter-spacing:.14em; text-transform:uppercase;
   color:color-mix(in srgb, var(--do-prussian-blue) 55%, transparent) }
-.fld b{ display:block; margin-top:2px; font-size:max(8.5px, calc(12 * var(--u))); font-weight:700; color:var(--do-cerulean) }
+.fld b{ display:block; margin-top:2px; font-size:max(8.5px, calc(12 * var(--u))); font-weight:700; color:var(--do-text-cerulean) }
 .fld.two{ display:grid; grid-template-columns:1fr 1fr; gap:8px }
 .fld.ex b{ color:color-mix(in srgb, var(--do-amber) 45%, var(--do-prussian-blue)) }
 .d17-doc ol.st{ list-style:none; counter-reset:s; margin:calc(4 * var(--u)) 0 0; padding:0 }
 .d17-doc ol.st li{ counter-increment:s; display:grid; grid-template-columns:calc(16 * var(--u)) 1fr; gap:calc(6 * var(--u)); white-space:normal;

[0m
[0m← [0mEdit app/d17-resources.css
Index: D:\apps\worktrees\decoded-ops-website\web065-tech-seo\app\d17-resources.css
===================================================================
--- D:\apps\worktrees\decoded-ops-website\web065-tech-seo\app\d17-resources.css
+++ D:\apps\worktrees\decoded-ops-website\web065-tech-seo\app\d17-resources.css
@@ -195,9 +195,9 @@
 .fld.two{ display:grid; grid-template-columns:1fr 1fr; gap:8px }
 .fld.ex b{ color:color-mix(in srgb, var(--do-amber) 45%, var(--do-prussian-blue)) }
 .d17-doc ol.st{ list-style:none; counter-reset:s; margin:calc(4 * var(--u)) 0 0; padding:0 }
 .d17-doc ol.st li{ counter-increment:s; display:grid; grid-template-columns:calc(16 * var(--u)) 1fr; gap:calc(6 * var(--u)); white-space:normal;
-  padding:calc(3 * var(--u)) 0; border:0; font-size:max(8.5px, calc(11 * var(--u))); font-weight:600; color:var(--do-cerulean) }
+  padding:calc(3 * var(--u)) 0; border:0; font-size:max(8.5px, calc(11 * var(--u))); font-weight:600; color:var(--do-text-cerulean) }
 .d17-doc ol.st li::before{ content:counter(s); font-family:var(--do-font-mono); color:color-mix(in srgb, var(--do-prussian-blue) 50%, transparent) }
 .a987 .nt-987{ left:calc(356 * var(--u)); top:calc(318 * var(--u)); width:calc(170 * var(--u)) }
 
 /* ─── DO-ART-988 · the Decoded Method · three pages fanned ─── */

[0m
[0m← [0mEdit app/d17-resources.css
Index: D:\apps\worktrees\decoded-ops-website\web065-tech-seo\app\d17-resources.css
===================================================================
--- D:\apps\worktrees\decoded-ops-website\web065-tech-seo\app\d17-resources.css
+++ D:\apps\worktrees\decoded-ops-website\web065-tech-seo\app\d17-resources.css
@@ -248,9 +248,9 @@
 .vb{ width:100%; border-collapse:collapse; margin-top:calc(8 * var(--u)); font-size:max(8.5px, calc(11 * var(--u))) }
 .vb th{ font-family:var(--do-font-mono); font-weight:600; font-size:max(6px, calc(9 * var(--u))); letter-spacing:.12em; text-transform:uppercase;
   color:color-mix(in srgb, var(--do-prussian-blue) 58%, transparent); text-align:center; padding:0 0 calc(5 * var(--u)) }
 .vb th:first-child{ text-align:left }
-.vb th.us{ color:var(--do-cerulean) }
+.vb th.us{ color:var(--do-text-cerulean) }
 .vb td{ padding:calc(5 * var(--u)) 0; border-top:1px solid color-mix(in srgb, var(--do-prussian-blue) 10%, transparent); font-weight:600; text-align:center }
 .vb td:first-child{ text-align:left }
 .vb i, .d17-doc .key i{ display:inline-block; width:calc(11 * var(--u)); height:calc(11 * var(--u)); border-radius:50%; vertical-align:middle }
 .vb i.y, .key i.y{ background:var(--do-cerulean) }

[0m
[0m← [0mEdit app/d17-resources.css
Index: D:\apps\worktrees\decoded-ops-website\web065-tech-seo\app\d17-resources.css
===================================================================
--- D:\apps\worktrees\decoded-ops-website\web065-tech-seo\app\d17-resources.css
+++ D:\apps\worktrees\decoded-ops-website\web065-tech-seo\app\d17-resources.css
@@ -339,9 +339,9 @@
 .a996 .d17-ph img{ object-position:40% 50%; --d17-grade:saturate(.6) contrast(1.06) brightness(.8) }
 .a996 .slip{ position:absolute; z-index:5; right:calc(28 * var(--u)); bottom:calc(10 * var(--u)); width:calc(220 * var(--u));
   background:var(--do-white); color:var(--do-prussian-blue); padding:calc(12 * var(--u)) calc(14 * var(--u)); border-radius:calc(4 * var(--u));
   transform:rotate(-2.5deg); box-shadow:0 calc(18 * var(--u)) calc(34 * var(--u)) color-mix(in srgb, #000 50%, transparent) }
-.a996 .slip .ref{ display:block; font-family:var(--do-font-mono); font-size:max(7.5px, calc(9.5 * var(--u))); letter-spacing:.14em; text-transform:uppercase; color:var(--do-cerulean) }
+.a996 .slip .ref{ display:block; font-family:var(--do-font-mono); font-size:max(7.5px, calc(9.5 * var(--u))); letter-spacing:.14em; text-transform:uppercase; color:var(--do-text-cerulean) }
 .a996 .slip b{ display:inline-block; margin-top:4px; font-family:var(--do-font-heading); font-weight:800; font-size:max(22px, calc(40 * var(--u))); line-height:1;
   letter-spacing:-.03em; background:color-mix(in srgb, var(--do-amber) 55%, transparent); padding:0 6px; border-radius:4px }
 .a996 .slip .s{ display:block; margin-top:4px; font-size:max(10px, calc(12 * var(--u))); font-weight:600 }
 .stage-grid .a996{ align-self:stretch }

[0m
[0m→ [0mRead app/design-system/ds-marketing.css[90m [limit=10, offset=334][0m
[0m→ [0mRead app/design-system/marketing-pages-extra.css[90m [limit=15, offset=40][0m
[0m→ [0mRead app/design-system/marketing-pages-extra.css[90m [limit=10, offset=125][0m
[0m
[0m← [0mEdit app/design-system/marketing-pages-extra.css
Index: D:\apps\worktrees\decoded-ops-website\web065-tech-seo\app\design-system\marketing-pages-extra.css
===================================================================
--- D:\apps\worktrees\decoded-ops-website\web065-tech-seo\app\design-system\marketing-pages-extra.css
+++ D:\apps\worktrees\decoded-ops-website\web065-tech-seo\app\design-system\marketing-pages-extra.css
@@ -125,9 +125,9 @@
 .log-row:hover{ background:color-mix(in srgb, var(--do-cerulean) 4%, transparent) }
 .log-row h3{ font-size:1.375rem; letter-spacing:-0.015em; margin-bottom:10px }
 .log-row:hover h3{ color:var(--do-cerulean) }
 .log-row p{ margin:0; color:var(--do-text-secondary); font-size:var(--do-text-sm); max-width:56ch }
-.log-row .go{ align-self:center; font-weight:var(--do-weight-semibold); font-size:var(--do-text-sm); color:var(--do-cerulean);
+.log-row .go{ align-self:center; font-weight:var(--do-weight-semibold); font-size:var(--do-text-sm); color:var(--do-text-cerulean);
   white-space:nowrap }
 .log-row .go::after{ content:'\2192'; display:inline-block; margin-left:7px; transition:transform var(--do-duration-normal) }
 .log-row:hover .go::after{ transform:translateX(3px) }
 @media(max-width:820px){ .log-row{ grid-template-columns:1fr; gap:14px } }

[0m
[0m→ [0mRead app/deco-page.module.css[90m [limit=5, offset=57][0m
[0m→ [0mRead app/d17-global.css[90m [limit=5, offset=64][0m
[0m→ [0mRead app/d17-global.css[90m [limit=5, offset=328][0m
[0m→ [0mRead app/d17-global.css[90m [limit=5, offset=426][0m
[0m→ [0mRead app/d17-global.css[90m [limit=5, offset=467][0m
[0m→ [0mRead app/d17-global.css[90m [limit=5, offset=745][0m
[0m→ [0mRead app/d17-global.css[90m [limit=5, offset=863][0m
Now d17-global.css remaining instances:
[0m
[0m← [0mEdit app/d17-global.css
Index: D:\apps\worktrees\decoded-ops-website\web065-tech-seo\app\d17-global.css
===================================================================
--- D:\apps\worktrees\decoded-ops-website\web065-tech-seo\app\d17-global.css
+++ D:\apps\worktrees\decoded-ops-website\web065-tech-seo\app\d17-global.css
@@ -62,11 +62,9 @@
   background:color-mix(in srgb, var(--do-prussian-blue) 12%, transparent) }
 .d17-doc .lines i{ display:block; height:calc(5 * var(--u)); border-radius:9px; margin-top:calc(7 * var(--u));
   background:color-mix(in srgb, var(--do-prussian-blue) 11%, transparent) }
 .d17-doc .phase{ margin-top:calc(11 * var(--u)); font-family:var(--do-font-mono); font-weight:700;
-  font-size:max(6px, calc(10 * var(--u))); letter-spacing:.14em; text-transform:uppercase; color:var(--do-cerulean) }
-
-/* ─── DO-ART-916 · home hero · document mock-ups over the workshop floor ─── */
+  font-size:max(6px, calc(10 * var(--u))); letter-spacing:.14em; text-transform:uppercase; color:var(--do-text-cerulean) } · home hero · document mock-ups over the workshop floor ─── */
 .a916{ --u:calc(100cqw / 560); display:flex; flex-direction:column }
 .a916 .d17-ph img{ object-position:50% 18% }
 .a916::before{ content:''; position:absolute; inset:0; z-index:-1;
   background:linear-gradient(180deg, color-mix(in srgb, var(--do-prussian-blue) 55%, transparent) 0%,

[0m
[0m→ [0mRead app/d17-global.css[90m [limit=5, offset=64][0m
[0m
[0m← [0mEdit app/d17-global.css
Index: D:\apps\worktrees\decoded-ops-website\web065-tech-seo\app\d17-global.css
===================================================================
--- D:\apps\worktrees\decoded-ops-website\web065-tech-seo\app\d17-global.css
+++ D:\apps\worktrees\decoded-ops-website\web065-tech-seo\app\d17-global.css
@@ -62,9 +62,11 @@
   background:color-mix(in srgb, var(--do-prussian-blue) 12%, transparent) }
 .d17-doc .lines i{ display:block; height:calc(5 * var(--u)); border-radius:9px; margin-top:calc(7 * var(--u));
   background:color-mix(in srgb, var(--do-prussian-blue) 11%, transparent) }
 .d17-doc .phase{ margin-top:calc(11 * var(--u)); font-family:var(--do-font-mono); font-weight:700;
-  font-size:max(6px, calc(10 * var(--u))); letter-spacing:.14em; text-transform:uppercase; color:var(--do-text-cerulean) } · home hero · document mock-ups over the workshop floor ─── */
+  font-size:max(6px, calc(10 * var(--u))); letter-spacing:.14em; text-transform:uppercase; color:var(--do-text-cerulean) }
+
+/* ─── DO-ART-916 · home hero · document mock-ups over the workshop floor ─── */
 .a916{ --u:calc(100cqw / 560); display:flex; flex-direction:column }
 .a916 .d17-ph img{ object-position:50% 18% }
 .a916::before{ content:''; position:absolute; inset:0; z-index:-1;
   background:linear-gradient(180deg, color-mix(in srgb, var(--do-prussian-blue) 55%, transparent) 0%,

[0m
[0m← [0mEdit app/d17-global.css
Index: D:\apps\worktrees\decoded-ops-website\web065-tech-seo\app\d17-global.css
===================================================================
--- D:\apps\worktrees\decoded-ops-website\web065-tech-seo\app\d17-global.css
+++ D:\apps\worktrees\decoded-ops-website\web065-tech-seo\app\d17-global.css
@@ -326,9 +326,9 @@
 .a920 .note ol{ margin:calc(10 * var(--u)) 0 0; padding:0; list-style:none; counter-reset:c }
 .a920 .note li{ counter-increment:c; display:grid; grid-template-columns:22px 1fr; gap:6px; padding:calc(6 * var(--u)) 0;
   border-top:1px solid color-mix(in srgb, var(--do-prussian-blue) 12%, transparent);
   font-size:max(12px, calc(14 * var(--u))); line-height:1.35; font-weight:600 }
-.a920 .note li::before{ content:'0' counter(c); font-family:var(--do-font-mono); font-size:10px; color:var(--do-cerulean); padding-top:3px }
+.a920 .note li::before{ content:'0' counter(c); font-family:var(--do-font-mono); font-size:10px; color:var(--do-text-cerulean); padding-top:3px }
 .a920 .d17-mark--abs{ left:calc(56 * var(--u)); bottom:calc(28 * var(--u)) }
 @media (max-width: 760px){
   .a920{ grid-template-columns:1fr; min-height:0 }
   .a920 .d17-ph{ left:0; bottom:auto; height:250px }

[0m
[0m← [0mEdit app/d17-global.css
Index: D:\apps\worktrees\decoded-ops-website\web065-tech-seo\app\d17-global.css
===================================================================
--- D:\apps\worktrees\decoded-ops-website\web065-tech-seo\app\d17-global.css
+++ D:\apps\worktrees\decoded-ops-website\web065-tech-seo\app\d17-global.css
@@ -424,9 +424,9 @@
   border-radius:calc(4 * var(--u)); padding:calc(9 * var(--u)) calc(12 * var(--u));
   box-shadow:0 calc(14 * var(--u)) calc(30 * var(--u)) color-mix(in srgb, #000 45%, transparent);
   font-size:max(10px, calc(13 * var(--u))); font-weight:700; line-height:1.25; white-space:nowrap }
 .sx-tag small{ display:block; font-family:var(--do-font-mono); font-weight:600; font-size:max(7.5px, calc(9.5 * var(--u)));
-  letter-spacing:.14em; text-transform:uppercase; color:var(--do-cerulean); margin-bottom:2px }
+  letter-spacing:.14em; text-transform:uppercase; color:var(--do-text-cerulean); margin-bottom:2px }
 .sx-tag--a{ border:2px solid var(--do-amber) }
 .sx-dot{ position:absolute; z-index:4; width:max(10px, calc(14 * var(--u))); height:max(10px, calc(14 * var(--u)));
   margin:calc(-7 * var(--u)) 0 0 calc(-7 * var(--u)); border-radius:50%; background:var(--do-off-white);
   box-shadow:0 0 0 3px var(--do-prussian-blue), 0 0 0 6px color-mix(in srgb, var(--do-sky-blue) 60%, transparent) }

[0m
[0m← [0mEdit app/d17-global.css
Index: D:\apps\worktrees\decoded-ops-website\web065-tech-seo\app\d17-global.css
===================================================================
--- D:\apps\worktrees\decoded-ops-website\web065-tech-seo\app\d17-global.css
+++ D:\apps\worktrees\decoded-ops-website\web065-tech-seo\app\d17-global.css
@@ -465,9 +465,9 @@
 .a921 .doc-t{ left:calc(24 * var(--u)); top:calc(74 * var(--u)); width:calc(270 * var(--u)); transform:rotate(-3deg) }
 .a921 .doc-p{ left:calc(292 * var(--u)); top:calc(120 * var(--u)); width:calc(238 * var(--u)); transform:rotate(3.5deg) }
 .a921 li{ grid-template-columns:calc(20 * var(--u)) auto 1fr }
 .a921 li em{ font-style:normal; justify-self:end; font-family:var(--do-font-mono); font-size:max(6px, calc(9.5 * var(--u)));
-  color:var(--do-cerulean); letter-spacing:.08em }
+  color:var(--do-text-cerulean); letter-spacing:.08em }
 .plaque{ margin-top:calc(12 * var(--u)); border:1.5px solid color-mix(in srgb, var(--do-prussian-blue) 30%, transparent);
   border-radius:calc(4 * var(--u)); padding:calc(14 * var(--u)) calc(14 * var(--u)) calc(12 * var(--u)); text-align:center }
 .plaque .l{ display:block; height:calc(6 * var(--u)); border-radius:9px; margin:calc(7 * var(--u)) auto 0;
   background:color-mix(in srgb, var(--do-prussian-blue) 22%, transparent) }

[0m
[0m← [0mEdit app/d17-global.css
Index: D:\apps\worktrees\decoded-ops-website\web065-tech-seo\app\d17-global.css
===================================================================
--- D:\apps\worktrees\decoded-ops-website\web065-tech-seo\app\d17-global.css
+++ D:\apps\worktrees\decoded-ops-website\web065-tech-seo\app\d17-global.css
@@ -743,9 +743,9 @@
   background:color-mix(in srgb, var(--do-prussian-blue) 10%, transparent) }
 .card-j{ background:var(--do-white); border:1px solid color-mix(in srgb, var(--do-prussian-blue) 12%, transparent);
   border-radius:calc(7 * var(--u)); padding:calc(10 * var(--u)) calc(11 * var(--u)); margin-bottom:calc(8 * var(--u));
   box-shadow:0 2px 4px color-mix(in srgb, var(--do-prussian-blue) 8%, transparent) }
-.card-j .r{ font-family:var(--do-font-mono); font-size:max(7.5px, calc(9.5 * var(--u))); letter-spacing:.1em; color:var(--do-cerulean) }
+.card-j .r{ font-family:var(--do-font-mono); font-size:max(7.5px, calc(9.5 * var(--u))); letter-spacing:.1em; color:var(--do-text-cerulean) }
 .card-j b{ display:block; margin-top:3px; font-size:max(11px, calc(13.5 * var(--u))); line-height:1.25 }
 .card-j .m{ display:flex; flex-wrap:wrap; gap:4px; margin-top:calc(7 * var(--u)) }
 .card-j .m span{ font-size:max(9px, calc(10.5 * var(--u))); padding:1px 7px; border-radius:99px;
   background:color-mix(in srgb, var(--do-sky-blue) 25%, transparent); color:var(--do-prussian-blue) }

[0m
[0m$ [0mgit -C "D:\apps\worktrees\decoded-ops-website\web065-tech-seo" grep -n "color:var(--do-cerulean)\|color: var(--do-cerulean)" -- app/d17-global.css 2>&1
app/d17-global.css:679:.match .r svg{ width:18px; height:18px; color:var(--do-cerulean) }
[0m
[0m← [0mEdit components/LocationPage.tsx
Index: D:\apps\worktrees\decoded-ops-website\web065-tech-seo\components\LocationPage.tsx
===================================================================
--- D:\apps\worktrees\decoded-ops-website\web065-tech-seo\components\LocationPage.tsx
+++ D:\apps\worktrees\decoded-ops-website\web065-tech-seo\components\LocationPage.tsx
@@ -68,9 +68,9 @@
 <h1 className="h1">
   {parts.map((part, i) =>
     i % 2 === 0
       ? <span key={i}>{part}</span>
-      : <span key={i} className="h1 em" style={{ color: 'var(--do-cerulean)', fontFamily: 'var(--do-font-heading)', display: 'inline' }}>{part}</span>
+      : <span key={i} className="h1 em" style={{ color: 'var(--do-text-cerulean)', fontFamily: 'var(--do-font-heading)', display: 'inline' }}>{part}</span>
   )}
 </h1>
 <p className="lede">{intro}</p>
 <div className="hero-cta">

[0m
[0m← [0mEdit components/LocationPage.tsx
Index: D:\apps\worktrees\decoded-ops-website\web065-tech-seo\components\LocationPage.tsx
===================================================================
--- D:\apps\worktrees\decoded-ops-website\web065-tech-seo\components\LocationPage.tsx
+++ D:\apps\worktrees\decoded-ops-website\web065-tech-seo\components\LocationPage.tsx
@@ -126,9 +126,9 @@
 {(driveTime || localFact) && (
   <div className="card loc-cta-card" style={{ marginTop: 24 }}>
     {driveTime && (
       <div>
-        <div style={{ fontSize: 'var(--do-text-xs)', fontWeight: 'var(--do-weight-semibold)', color: 'var(--do-cerulean)', textTransform: 'uppercase', letterSpacing: 'var(--do-tracking-wide)', marginBottom: 4 }}>From Worthing</div>
+        <div style={{ fontSize: 'var(--do-text-xs)', fontWeight: 'var(--do-weight-semibold)', color: 'var(--do-text-cerulean)', textTransform: 'uppercase', letterSpacing: 'var(--do-tracking-wide)', marginBottom: 4 }}>From Worthing</div>
         <div style={{ fontSize: 'var(--do-text-sm)', color: 'var(--do-text-secondary)' }}>{driveTime}</div>
       </div>
     )}
     {localFact && (

[0m
[0m← [0mEdit components/LocationPage.tsx
Index: D:\apps\worktrees\decoded-ops-website\web065-tech-seo\components\LocationPage.tsx
===================================================================
--- D:\apps\worktrees\decoded-ops-website\web065-tech-seo\components\LocationPage.tsx
+++ D:\apps\worktrees\decoded-ops-website\web065-tech-seo\components\LocationPage.tsx
@@ -132,9 +132,9 @@
     </div>
   )}
   {localFact && (
     <div style={{ flex: 1 }}>
-      <div style={{ fontSize: 'var(--do-text-xs)', fontWeight: 'var(--do-weight-semibold)', color: 'var(--do-cerulean)', textTransform: 'uppercase', letterSpacing: 'var(--do-tracking-wide)', marginBottom: 4 }}>{town}</div>
+      <div style={{ fontSize: 'var(--do-text-xs)', fontWeight: 'var(--do-weight-semibold)', color: 'var(--do-text-cerulean)', textTransform: 'uppercase', letterSpacing: 'var(--do-tracking-wide)', marginBottom: 4 }}>{town}</div>
       <div style={{ fontSize: 'var(--do-text-sm)', color: 'var(--do-text-secondary)' }}>{localFact}</div>
     </div>
   )}
 </div>

[0m
Now for the TSX files. Let me handle the text-cerulean instances systematically. First the explicitly mentioned ones:
[0m← [0mEdit components/LocationPage.tsx
Index: D:\apps\worktrees\decoded-ops-website\web065-tech-seo\components\LocationPage.tsx
===================================================================
--- D:\apps\worktrees\decoded-ops-website\web065-tech-seo\components\LocationPage.tsx
+++ D:\apps\worktrees\decoded-ops-website\web065-tech-seo\components\LocationPage.tsx
@@ -247,9 +247,9 @@
   )}
   <p style={{ fontSize: 'var(--do-text-sm)', color: 'var(--do-text-subtle)', fontWeight: 'var(--do-weight-medium)', letterSpacing: 'var(--do-tracking-wider)', textTransform: 'uppercase', marginBottom: 8 }}>Also serving</p>
   <p style={{ color: 'var(--do-text-secondary)' }}>
     {allCounties.filter(c => c !== county).join(' · ')},{' '}
-    <Link href={serviceUrl} className="text-cerulean hover:underline">
+    <Link href={serviceUrl} className="text-cerulean hover:underline" style={{ textDecoration: 'underline' }}>
       view all locations
     </Link>
   </p>
 </div>

[0m
[0m← [0mEdit components/LocationPage.tsx
Index: D:\apps\worktrees\decoded-ops-website\web065-tech-seo\components\LocationPage.tsx
===================================================================
--- D:\apps\worktrees\decoded-ops-website\web065-tech-seo\components\LocationPage.tsx
+++ D:\apps\worktrees\decoded-ops-website\web065-tech-seo\components\LocationPage.tsx
@@ -189,9 +189,9 @@
     className="card"
     style={{ display: 'flex', alignItems: 'flex-start', gap: 16 }}
   >
     <div style={{ width: 28, height: 28, borderRadius: '50%', background: 'color-mix(in srgb, var(--do-cerulean) 20%, transparent)', display: 'flex', alignItems: 'center', justifyContent: 'center', flexShrink: 0, marginTop: 2 }}>
-      <span style={{ fontSize: 'var(--do-text-xs)', fontWeight: 'var(--do-weight-bold)', color: '#a7b8c1' }}>{String(i + 1).padStart(2, '0')}</span>
+      <span style={{ fontSize: 'var(--do-text-xs)', fontWeight: 'var(--do-weight-bold)', color: '#c3d0d6' }}>{String(i + 1).padStart(2, '0')}</span>
     </div>
     <p style={{ fontSize: 'var(--do-text-sm)', color: '#a7b8c1', lineHeight: 1.75, marginBottom: 0 }}>{item}</p>
   </div>
 ))}

[0m
Now the hard-coded greys in LocationPage (section 2 of brief):
[0m← [0mEdit components/LocationPage.tsx
Index: D:\apps\worktrees\decoded-ops-website\web065-tech-seo\components\LocationPage.tsx
===================================================================
--- D:\apps\worktrees\decoded-ops-website\web065-tech-seo\components\LocationPage.tsx
+++ D:\apps\worktrees\decoded-ops-website\web065-tech-seo\components\LocationPage.tsx
@@ -191,9 +191,9 @@
       >
         <div style={{ width: 28, height: 28, borderRadius: '50%', background: 'color-mix(in srgb, var(--do-cerulean) 20%, transparent)', display: 'flex', alignItems: 'center', justifyContent: 'center', flexShrink: 0, marginTop: 2 }}>
           <span style={{ fontSize: 'var(--do-text-xs)', fontWeight: 'var(--do-weight-bold)', color: '#c3d0d6' }}>{String(i + 1).padStart(2, '0')}</span>
         </div>
-        <p style={{ fontSize: 'var(--do-text-sm)', color: '#a7b8c1', lineHeight: 1.75, marginBottom: 0 }}>{item}</p>
+        <p style={{ fontSize: 'var(--do-text-sm)', color: '#c3d0d6', lineHeight: 1.75, marginBottom: 0 }}>{item}</p>
       </div>
     ))}
   </div>
 </div>

[0m
[0m← [0mEdit app/apps/commerce/page.tsx
Index: D:\apps\worktrees\decoded-ops-website\web065-tech-seo\app\apps\commerce\page.tsx
===================================================================
--- D:\apps\worktrees\decoded-ops-website\web065-tech-seo\app\apps\commerce\page.tsx
+++ D:\apps\worktrees\decoded-ops-website\web065-tech-seo\app\apps\commerce\page.tsx
@@ -364,9 +364,9 @@
   </table>
 </div>
 <p className="table-foot">A full rebuild, like a migration off an existing platform, isn&rsquo;t on this table on
   purpose. That&rsquo;s scoped separately.</p>
-<p className="table-foot">What this costs depends on scope, so it&rsquo;s quoted once I know what your setup needs rather than read off a list. I&rsquo;m not VAT registered, so there&rsquo;s no VAT to add. How I price everything else is on the <Link href="/pricing" style={{ color: 'var(--do-cerulean)', fontWeight: 600 }}>pricing page</Link>.</p>
+<p className="table-foot">What this costs depends on scope, so it&rsquo;s quoted once I know what your setup needs rather than read off a list. I&rsquo;m not VAT registered, so there&rsquo;s no VAT to add. How I price everything else is on the <Link href="/pricing"               style={{ color: 'var(--do-text-cerulean)', fontWeight: 600 }}>pricing page</Link>.</p>
 
 <div className="notice" data-od-id="founding-terms">
   <p className="notice-tag">Founding-client terms</p>
   <h3>Hanicks is already running its storefront through Commerce, ahead of a public launch.</h3>

[0m
[0m← [0mEdit app/apps/proof/page.tsx
Index: D:\apps\worktrees\decoded-ops-website\web065-tech-seo\app\apps\proof\page.tsx
===================================================================
--- D:\apps\worktrees\decoded-ops-website\web065-tech-seo\app\apps\proof\page.tsx
+++ D:\apps\worktrees\decoded-ops-website\web065-tech-seo\app\apps\proof\page.tsx
@@ -283,9 +283,9 @@
     </div>
     <p className="table-foot">There&rsquo;s no third tier for this product. If what you need is bigger
       than Connected, that&rsquo;s a different conversation and it starts with a Clarity Audit, not a
       tier list.</p>
-    <p className="table-foot">What this costs depends on scope, so it&rsquo;s quoted once I know what your setup needs rather than read off a list. I&rsquo;m not VAT registered, so there&rsquo;s no VAT to add. How I price everything else is on the <Link href="/pricing" style={{ color: 'var(--do-cerulean)', fontWeight: 600 }}>pricing page</Link>.</p>
+    <p className="table-foot">What this costs depends on scope, so it&rsquo;s quoted once I know what your setup needs rather than read off a list. I&rsquo;m not VAT registered, so there&rsquo;s no VAT to add. How I price everything else is on the <Link href="/pricing"               style={{ color: 'var(--do-text-cerulean)', fontWeight: 600 }}>pricing page</Link>.</p>
   </div>
 </section>
 
 {/* 5 · CTA STRIP */}

[0m
Now let me handle the pricing page links (section 1 of brief):
[0m← [0mEdit app/apps/works/page.tsx
Index: D:\apps\worktrees\decoded-ops-website\web065-tech-seo\app\apps\works\page.tsx
===================================================================
--- D:\apps\worktrees\decoded-ops-website\web065-tech-seo\app\apps\works\page.tsx
+++ D:\apps\worktrees\decoded-ops-website\web065-tech-seo\app\apps\works\page.tsx
@@ -340,9 +340,9 @@
           </tr>
         </tbody>
       </table>
     </div>
-    <p className="table-foot">What this costs depends on scope, so it&rsquo;s quoted once I know what your setup needs rather than read off a list. I&rsquo;m not VAT registered, so there&rsquo;s no VAT to add. How I price everything else is on the <Link href="/pricing" style={{ color: 'var(--do-cerulean)', fontWeight: 600 }}>pricing page</Link>.</p>
+    <p className="table-foot">What this costs depends on scope, so it&rsquo;s quoted once I know what your setup needs rather than read off a list. I&rsquo;m not VAT registered, so there&rsquo;s no VAT to add. How I price everything else is on the <Link href="/pricing"               style={{ color: 'var(--do-text-cerulean)', fontWeight: 600 }}>pricing page</Link>.</p>
   </div>
 </section>
 
 {/* 6 · CTA STRIP */}

[0m
[0m← [0mEdit app/blog/page.tsx
Index: D:\apps\worktrees\decoded-ops-website\web065-tech-seo\app\blog\page.tsx
===================================================================
--- D:\apps\worktrees\decoded-ops-website\web065-tech-seo\app\blog\page.tsx
+++ D:\apps\worktrees\decoded-ops-website\web065-tech-seo\app\blog\page.tsx
@@ -94,9 +94,9 @@
 >
   <div className="flex items-start justify-between gap-6">
     <div>
       <div className="inline-flex items-center gap-2 px-3 py-1 rounded-full mb-4" style={{ backgroundColor: 'var(--do-cerulean)/0.15', border: '1px solid var(--do-cerulean)/0.3' }}>
-        <span className="text-xs font-semibold uppercase" style={{ color: 'var(--do-cerulean)' }}>Checklist</span>
+        <span className="text-xs font-semibold uppercase" style={{ color: 'var(--do-text-cerulean)' }}>Checklist</span>
       </div>
       <h3 className="text-2xl font-bold transition-colors mb-3" style={{ fontFamily: 'var(--font-outfit), sans-serif', color: 'var(--do-text-primary)' }}>
         Operational Audit Checklist
       </h3>

[0m
[0m• [0mFix cerulean text TSX files batch 1[90m General Agent[0m
[0m• [0mFix cerulean text TSX files batch 2[90m General Agent[0m
[0m• [0mFix cerulean text resources pages[90m General Agent[0m
Let me handle all the remaining TSX files with cerulean text on light backgrounds. I'll use a task agent for efficiency:
[0m✓ [0mFix cerulean text TSX files batch 1[90m General Agent[0m
[0m✓ [0mFix cerulean text TSX files batch 2[90m General Agent[0m
[0m✓ [0mFix cerulean text resources pages[90m General Agent[0m
[0m• [0mFix remaining cerulean text files[90m General Agent[0m
[0m✓ [0mFix remaining cerulean text files[90m General Agent[0m
[0m
[0m# [0mTodos
[✓] Cerulean text on light backgrounds → --do-text-cerulean
[•] Hard-coded greys (#a7b8c1, #5c7d8c, #5a7d8f, #486a7b) → correct tokens
[ ] Analytics scripts afterInteractive → lazyOnload
[ ] Run tsc and npm run build
[ ] Commit and write lane reports
[0m
[0m$ [0mgit -C "D:\apps\worktrees\decoded-ops-website\web065-tech-seo" grep -n "#5c7d8c\|#678391" -- app components lib 2>&1
(no output)
[0m
Now the hard-coded greys. Let me find the remaining instances:
[0m$ [0mgit -C "D:\apps\worktrees\decoded-ops-website\web065-tech-seo" grep -n "#486a7b" -- app components lib 2>&1
app/design-system/colors_and_type.css:180:  --do-text-subtle:        #486a7b;                  /* placeholders/disabled ONLY */
app/globals.css:42:  --do-text-muted:          #486a7b;
[0m
[0m✱ [0mGrep "#5c7d8c|#678391|#5a7d8f"[90m 52 matches[0m
[0m→ [0mRead app/d17-global.css[90m [limit=5, offset=856][0m
[0m✱ [0mGrep "sop-template.*card|div\.card.*>.*p"[90m 0 matches[0m
[0m✱ [0mGrep "#5c7d8c"[90m 0 matches[0m
[0m✱ [0mGrep "#5c7d8c"[90m 0 matches[0m
[0m✱ [0mGrep "ol.*li.*a.*span|#486a7b"[90m in app · 22 matches[0m
[0m✱ [0mGrep "#486a7b"[90m in app · 0 matches[0m
[0m✱ [0mGrep "#486a7b|breadcrumb.*ol|ol.*li.*a.*span"[90m in app · 22 matches[0m
[0m✱ [0mGrep "#5c7d8c|#e3f0f4"[90m in app · 0 matches[0m
[0m✱ [0mGrep "color.*#"[90m in app/resources · 0 matches[0m
[0m✱ [0mGrep "#5c7d8c|#e3f0f4|color.*#"[90m in app/resources/sop-template · 0 matches[0m
[0m
[0m# [0mTodos
[✓] Cerulean text on light backgrounds → --do-text-cerulean
[✓] Hard-coded greys (#a7b8c1, #5c7d8c, #5a7d8f, #486a7b) → correct tokens
[•] Analytics scripts afterInteractive → lazyOnload
[ ] Run tsc and npm run build
[ ] Commit and write lane reports
[0m
The hard-coded greys mentioned in the brief (`#5c7d8c`, `#678391`, `#486a7b` as text) are either already fixed or only exist in token definitions. The `#a7b8c1` in LocationPage.tsx was fixed. Moving to analytics scripts.
[0m← [0mEdit app/layout.tsx
Index: D:\apps\worktrees\decoded-ops-website\web065-tech-seo\app\layout.tsx
===================================================================
--- D:\apps\worktrees\decoded-ops-website\web065-tech-seo\app\layout.tsx
+++ D:\apps\worktrees\decoded-ops-website\web065-tech-seo\app\layout.tsx
@@ -69,20 +69,20 @@
 <html lang="en-GB" className={`h-full antialiased ${outfit.variable} ${dmSans.variable}`}>
   <body className="min-h-full flex flex-col bg-off-white text-prussian-blue" style={{ fontFamily: 'var(--font-dm-sans), ui-sans-serif, system-ui, sans-serif' }}>
     <Script
       src="https://www.googletagmanager.com/gtag/js?id=G-SN2Z3J31CZ"
-      strategy="afterInteractive"
+      strategy="lazyOnload"
     />
-    <Script id="gtag-init" strategy="afterInteractive">
+    <Script id="gtag-init" strategy="lazyOnload">
       {`window.dataLayer = window.dataLayer || [];
         function gtag(){dataLayer.push(arguments);}
         gtag('js', new Date());
         gtag('config', 'G-SN2Z3J31CZ');`}
     </Script>
     <Script
       src="https://analytics.ahrefs.com/analytics.js"
       data-key="GagP9ji+yt3Y0PukCnZybQ"
-      strategy="afterInteractive"
+      strategy="lazyOnload"
     />
 
     <JsonLd data={{
       '@context': 'https://schema.org',

[0m
[0m# [0mTodos
[✓] Cerulean text on light backgrounds → --do-text-cerulean
[✓] Hard-coded greys (#a7b8c1, #5c7d8c, #5a7d8f, #486a7b) → correct tokens
[✓] Analytics scripts afterInteractive → lazyOnload
[•] Run tsc and npm run build
[ ] Commit and write lane reports
[0m
[0m$ [0mnpm install 2>&1 | Select-Object -Last 5
npm warn install-scripts 2 packages have install scripts not yet covered by allowScripts:
npm warn install-scripts   ssh2@1.17.0 (install: node install.js)
npm warn install-scripts   unrs-resolver@1.12.2 (postinstall: node postinstall.js)
npm warn install-scripts
npm warn install-scripts Run `npm install-scripts ls` to review, or `npm install-scripts approve <pkg>` to allow.
[0m
[0m$ [0mnpx tsc --noEmit 2>&1
(no output)
[0m
[0m$ [0mnpm run build 2>&1
> decoded-ops-next@0.1.0 prebuild
> node scripts/generate-route-slugs.mjs

[route-slugs] 18 problems, 10 sectors, 5 tools

> decoded-ops-next@0.1.0 build
> next build

▲ Next.js 16.3.3 (Turbopack)
✓ Running next.config.ts took 18ms

⚠ The "middleware" file convention is deprecated. Please use "proxy" instead.

  To migrate automatically, run:
  npx @next/codemod@canary middleware-to-proxy .

  Learn more: https://nextjs.org/docs/messages/middleware-to-proxy
⚠ The Edge Runtime is deprecated. You can use the "nodejs" runtime instead. Learn more: https://nextjs.org/docs/messages/edge-runtime-deprecated
  Creating an optimized production build ...
✓ Compiled successfully in 2.6s
  Running TypeScript ...
  Finished TypeScript in 3.3s ...
  Collecting page data using 15 workers ...
⚠ Using edge runtime on a page currently disables static generation for that page
  Generating static pages using 15 workers (0/173) ...
  Generating static pages using 15 workers (43/173) 
  Generating static pages using 15 workers (86/173) 
  Generating static pages using 15 workers (129/173) 
✓ Generating static pages using 15 workers (173/173) in 818ms
  Finalizing page optimization ...

Route (app)                                          Revalidate  Expire
┌ ○ /
├ ○ /_not-found
├ ○ /about
├ ƒ /api/auth/[...nextauth]
├ ƒ /api/auth/login
├ ƒ /api/clients/documents/[id]/questionnaire
├ ƒ /api/clients/documents/[id]/sign
├ ƒ /api/clients/uploads
├ ƒ /api/contact
├ ƒ /api/tools/capture
├ ○ /apps
├ ○ /apps/commerce
├ ○ /apps/proof
├ ○ /apps/works
├ ○ /blog                                                    5m      1y
├ ƒ /blog/[slug]
├ ○ /case-studies
├ ○ /case-studies/case-study-01
├ ○ /case-studies/case-study-02
├ ○ /case-studies/case-study-03
├ ○ /case-studies/eternal-fitness
├ ○ /clarity
├ ƒ /clients/[clientId]
├ ƒ /clients/dashboard
├ ƒ /clients/documents
├ ƒ /clients/documents/view/[id]
├ ○ /clients/login
├ ƒ /clients/project
├ ○ /contact
├ ○ /cookies
├ ○ /deliver
├ ○ /how-i-build
├ ○ /locations/fractional-cto
├   /locations/fractional-cto/[location]
│ ├ ● /locations/fractional-cto/chichester
│ ├ ● /locations/fractional-cto/worthing
│ ├ ● /locations/fractional-cto/horsham
│ └ ● [+26 more paths]
├ ○ /locations/tech-audit
├   /locations/tech-audit/[location]
│ ├ ● /locations/tech-audit/chichester
│ ├ ● /locations/tech-audit/worthing
│ ├ ● /locations/tech-audit/horsham
│ └ ● [+26 more paths]
├ ƒ /opengraph-image
├ ○ /pricing
├ ○ /privacy
├ ○ /problems
├ ○ /problems/ai-paralysis
├ ○ /problems/bottleneck-growth
├ ○ /problems/buy-vs-build
├ ○ /problems/cant-scale-operations
├ ○ /problems/data-scattered
├ ○ /problems/disaster-recovery
├ ○ /problems/ecommerce-not-connected
├ ○ /problems/erp-implementation-failure
├ ○ /problems/inventory-blind
├ ○ /problems/legacy-system
├ ○ /problems/manual-workarounds
├ ○ /problems/no-ops-owner
├ ○ /problems/ops-in-owners-head
├ ○ /problems/seasonal-peaks
├ ○ /problems/slow-processes
├ ○ /problems/spreadsheet-addiction
├ ○ /problems/systems-dont-talk
├ ○ /problems/wrong-erp-software
├ ○ /process-quality-system
├ ○ /resources
├ ○ /resources/5-warning-signs
├ ○ /resources/artwork-approval-playbook
├ ○ /resources/audit-checklist
├ ○ /resources/capacity-planner
├ ○ /resources/decoded-method
├ ○ /resources/erp-selection-playbook
├ ○ /resources/seasonal-capacity
├ ○ /resources/six-sigma
├ ○ /resources/sop-template
├ ○ /retained
├ ƒ /robots.txt
├ ○ /sectors/awards-engraving
├ ○ /sectors/garment-decoration
├ ○ /sectors/labels-packaging
├ ○ /sectors/operations-consultant-print-embroidery
├ ○ /sectors/print-promotional
├ ○ /sectors/promotional-merchandise
├ ○ /sectors/schoolwear
├ ○ /sectors/signs-graphics
├ ○ /sectors/teamwear-clubwear
├ ○ /sectors/workwear
├ ƒ /sitemap.xml
├ ○ /small-business
├ ○ /tools
├ ○ /tools/automation-roi-calculator
├ ○ /tools/downtime-cost-calculator
├ ○ /tools/ops-health-score
├ ○ /tools/rto-calculator
├ ○ /tools/should-i-replace-erp
└ ○ /transform


ƒ Proxy (Middleware)

○  (Static)   prerendered as static content
●  (SSG)      prerendered as static HTML (uses generateStaticParams)
ƒ  (Dynamic)  server-rendered on demand
[0m
Build passes clean. Let me run a final escape grep to check remaining cerulean text instances:
[0m$ [0mgit -C "D:\apps\worktrees\decoded-ops-website\web065-tech-seo" grep -n "color:.*var(--do-cerulean)\|color:.*'#219EBC'\|color:.*'#219ebc'" -- app components lib 2>&1 | Select-String -Pattern "color:.*(?!border|background|fill|stroke|outline|shadow|stop-|border-color)" | Select-Object -First 30
app/blog/page.tsx:108:                  <ArrowRight size={24} className="group-hover:translate-x-2 
transition-transform" style={{ color: 'var(--do-cerulean)' }} />
app/clients/[clientId]/components/RoadmapSection.tsx:34:  { label: 'PHASE 2 · Commercial Engine & AI Integration', 
color: '#219EBC', rows: [8, 9, 10, 11] },
app/clients/[clientId]/components/SystemsDiagram.tsx:33:  symphony:  { x: 400, y: 170, label: 'Symphony',       color: 
'#219EBC', r: 36 },
app/clients/[clientId]/components/SystemsDiagram.tsx:34:  tracker:   { x: 400, y: 170, label: 'Tracker ERP',    color: 
'#219EBC', r: 38 },
app/clients/[clientId]/data/cobra-workwear-proposal.ts:68:      portal:  { x: 175, y: 130, label: 'B2B Portal', color: 
'#219EBC', r: 36 },
app/clients/[clientId]/data/cobra-workwear-proposal.ts:149:        { label: 'PHASE 2 · Vendor Selection & 
Architecture', color: '#219EBC', rows: [4, 5, 6, 7] },
app/clients/[clientId]/data/cobra-workwear-proposal.ts:157:        { label: 'ERP Evaluation (Pantha · alternatives · 
independent brief)', color: '#219EBC', cells: [false, true, true, false, false, false, false, false, false] },
app/clients/[clientId]/data/cobra-workwear-proposal.ts:159:        { label: 'B2B Portal Vendor Selection', color: 
'#219EBC', cells: [false, true, true, false, false, false, false, false, false] },
app/clients/[clientId]/data/hanicks-proposal.ts:70:      ibasis_app:  { x: 200, y: 170, label: 'IBasis App',    color: 
'#219EBC', r: 34 },
app/clients/[clientId]/data/hanicks-proposal.ts:153:        { label: 'PHASE 2 · Khaos & IBasis Build', color: 
'#219EBC', rows: [3, 4, 5] },
app/clients/[clientId]/data/hanicks-proposal.ts:160:        { label: 'Khaos Configuration (customers, suppliers, 
stock, accounts)', color: '#219EBC', cells: [false, true, false] },
app/clients/[clientId]/data/hanicks-proposal.ts:161:        { label: 'Khaos Channel Setup (WooCommerce · Amazon)', 
color: '#219EBC', cells: [false, true, true] },
app/clients/[clientId]/data/hanicks-proposal.ts:162:        { label: 'IBasis App — Phase 2 (HRP & DHS ingestion, 
admin interface)', color: '#219EBC', cells: [false, true, true] },
app/clients/[clientId]/data/tacklebag-proposal-v2.ts:109:        { label: 'CORE DELIVERABLES', color: '#219EBC', rows: 
[4, 5, 6] },
app/clients/[clientId]/data/tacklebag-proposal-v2.ts:118:        { label: 'Demand forecast · Jul–Oct from Symphony 
data', color: '#219EBC', cells: [true, true, true, true, true, false, false, false, false] },
app/clients/[clientId]/data/tacklebag-proposal-v2.ts:119:        { label: 'SKU standard · Priority school lines 
labelled', color: '#219EBC', cells: [true, true, true, true, true, false, false, false, false] },
app/clients/[clientId]/data/tacklebag-proposal.ts:108:        { label: 'CORE DELIVERABLES', color: '#219EBC', rows: 
[4, 5, 6] },
app/clients/[clientId]/data/tacklebag-proposal.ts:117:        { label: 'Demand forecast · Jul–Oct from Symphony', 
color: '#219EBC', cells: [true, true, true, true, true, false, false, false, false] },
app/clients/[clientId]/data/tacklebag-proposal.ts:118:        { label: 'SKU standard · Priority school lines', color: 
'#219EBC', cells: [true, true, true, true, true, false, false, false, false] },
app/clients/documents/view/[id]/page.tsx:98:              color: '#219EBC',
app/clients/project/ProjectView.tsx:60:  active:    { label: 'In Progress', color: '#219EBC', bg: 
'rgba(33,158,188,0.12)' },
app/contact/ContactClient.tsx:96:                    <Mail size={20} style={{ color: 'var(--do-cerulean)' }} />
app/contact/ContactClient.tsx:105:                    <Phone size={20} style={{ color: 'var(--do-cerulean)' }} />
app/contact/ContactClient.tsx:246:                    <Icon size={20} style={{ color: 'var(--do-cerulean)' }} />
app/d17-apps-cases.css:148:.mq .r svg{ width:14px; height:14px; color:var(--do-cerulean) }
app/d17-apps-cases.css:334:.a946 .facets label.on i{ background:var(--do-cerulean); border-color:var(--do-cerulean) }
app/d17-art.module.css:127:.winNav span.on { color: var(--do-white); background: color-mix(in srgb, var(--do-cerulean) 
24%, transparent);
app/d17-art.module.css:295:.a920 .contactLink:hover { border-color: var(--do-cerulean); background: color-mix(in srgb, 
var(--do-cerulean) 18%, transparent) }
app/d17-global.css:127:.win-nav span.on{ color:var(--do-white); background:color-mix(in srgb, var(--do-cerulean) 24%, 
transparent);
app/d17-global.css:679:.match .r svg{ width:18px; height:18px; color:var(--do-cerulean) }
[0m
[0m# [0mTodos
[✓] Cerulean text on light backgrounds → --do-text-cerulean
[✓] Hard-coded greys (#a7b8c1, #5c7d8c, #5a7d8f, #486a7b) → correct tokens
[✓] Analytics scripts afterInteractive → lazyOnload
[✓] Run tsc and npm run build
[•] Commit and write lane reports
[0m
All remaining `#219EBC`/`var(--do-cerulean)` instances are icons, backgrounds, borders, or data properties — not text on light backgrounds. The text changes are complete.
Now let me commit and write the lane reports:
[0m$ [0mgit -C "D:\apps\worktrees\decoded-ops-website\web065-tech-seo" add -A && git -C "D:\apps\worktrees\decoded-ops-website\web065-tech-seo" status
warning: in the working copy of 'app/tools/should-i-replace-erp/page.tsx', LF will be replaced by CRLF the next time Git touches it
warning: in the working copy of 'data/route-slugs.json', LF will be replaced by CRLF the next time Git touches it
warning: in the working copy of '.context/lane-briefs/BRIEF-web065-fix2-contrast.md', LF will be replaced by CRLF the next time Git touches it
On branch web065-tech-seo
Your branch is ahead of 'origin/staging' by 18 commits.
  (use "git push" to publish your local commits)

Changes to be committed:
  (use "git restore --staged <file>..." to unstage)
	new file:   .context/lane-briefs/BRIEF-web065-fix2-contrast.md
	modified:   app/apps/commerce/page.tsx
	modified:   app/apps/proof/page.tsx
	modified:   app/apps/works/page.tsx
	modified:   app/blog/page.tsx
	modified:   app/case-studies/eternal-fitness/page.tsx
	modified:   app/d17-apps-cases.css
	modified:   app/d17-art.module.css
	modified:   app/d17-global.css
	modified:   app/d17-locations.css
	modified:   app/d17-problems.css
	modified:   app/d17-resources.css
	modified:   app/design-system/marketing-pages-extra.css
	modified:   app/globals.css
	modified:   app/layout.tsx
	modified:   app/locations/fractional-cto/page.tsx
	modified:   app/locations/tech-audit/page.tsx
	modified:   app/pricing/page.tsx
	modified:   app/resources/artwork-approval-playbook/page.tsx
	modified:   app/resources/audit-checklist/page.tsx
	modified:   app/resources/capacity-planner/page.tsx
	modified:   app/resources/decoded-method/page.tsx
	modified:   app/resources/erp-selection-playbook/page.tsx
	modified:   app/resources/page.tsx
	modified:   app/resources/seasonal-capacity/page.tsx
	modified:   app/resources/six-sigma/page.tsx
	modified:   app/resources/sop-template/page.tsx
	modified:   app/sectors/awards-engraving/page.tsx
	modified:   app/sectors/garment-decoration/page.tsx
	modified:   app/sectors/labels-packaging/page.tsx
	modified:   app/sectors/operations-consultant-print-embroidery/page.tsx
	modified:   app/sectors/print-promotional/page.tsx
	modified:   app/sectors/promotional-merchandise/page.tsx
	modified:   app/sectors/schoolwear/page.tsx
	modified:   app/sectors/signs-graphics/page.tsx
	modified:   app/sectors/teamwear-clubwear/page.tsx
	modified:   app/sectors/workwear/page.tsx
	modified:   app/small-business/page.tsx
	modified:   app/tools/should-i-replace-erp/page.tsx
	modified:   components/BlogList.tsx
	modified:   components/LocationPage.tsx
	modified:   components/SectorPageDS.module.css
	modified:   components/ToolLeadCapture.tsx
	modified:   components/calculators/SeasonalCapacityCalculator.tsx
[0m
[0m$ [0mgit -C "D:\apps\worktrees\decoded-ops-website\web065-tech-seo" reset HEAD .context/lane-briefs/BRIEF-web065-fix2-contrast.md && git -C "D:\apps\worktrees\decoded-ops-website\web065-tech-seo" commit -m "fix(a11y): cerulean text shade + remaining low-contrast greys (CR-WEB-065)

Replace var(--do-cerulean) with var(--do-text-cerulean) (#176f86, 5.45:1)
for all text on light backgrounds across marketing site. Cerulean stays
unchanged for backgrounds, borders, fills, strokes, icons and dark-bg use.

- globals.css: .do-blog-prose a, .vid-len, new .text-cerulean utility
- d17 CSS (global, apps-cases, art, locations, problems, resources):
  all color:var(--do-cerulean) text instances → --do-text-cerulean
- 10 sector pages: numbered badge + ArrowRight icon colors
- 6 resource pages: CheckCircle2/Check icons + link text
- LocationPage: h1 accent span, card labels, #a7b8c1 → #c3d0d6
- Pricing/apps: paragraph link colors
- Locations pages: book-a-call links + MapPin/ArrowRight icons
- BlogList, SectorPageDS, SeasonalCapacityCalculator, ToolLeadCapture
- Design-system marketing-pages-extra: .log-row .go text color

Also: GA4 + Ahrefs analytics Script tags strategy afterInteractive → lazyOnload
to stop competing with first paint.

tsc: clean. npm run build: clean (173 pages, 0 errors)."
[web065-tech-seo da21301] fix(a11y): cerulean text shade + remaining low-contrast greys (CR-WEB-065)
 43 files changed, 146 insertions(+), 143 deletions(-)
[0m
Now write the lane reports:
[0m$ [0mNew-Item -ItemType Directory -Path "D:\apps\worktrees\decoded-ops-website\web065-tech-seo\.context\lane-reports" -Force | Out-Null
(no output)
[0m
[0m← [0mWrite .context/lane-reports/LANE-RESULT-web065-fix2b.json
Wrote file successfully.
[0m
[0m← [0mWrite .context/lane-reports/LANE-NOTES-web065-fix2b.md
Wrote file successfully.
[0m
[0m$ [0mgit -C "D:\apps\worktrees\decoded-ops-website\web065-tech-seo" add -A && git -C "D:\apps\worktrees\decoded-ops-website\web065-tech-seo" commit -m "docs: lane report for web065-fix2b"
warning: in the working copy of '.context/lane-briefs/BRIEF-web065-fix2-contrast.md', LF will be replaced by CRLF the next time Git touches it
warning: in the working copy of '.context/lane-reports/LANE-NOTES-web065-fix2b.md', LF will be replaced by CRLF the next time Git touches it
warning: in the working copy of '.context/lane-reports/LANE-RESULT-web065-fix2b.json', LF will be replaced by CRLF the next time Git touches it
[web065-tech-seo 7b265b3] docs: lane report for web065-fix2b
 3 files changed, 73 insertions(+)
 create mode 100644 .context/lane-briefs/BRIEF-web065-fix2-contrast.md
 create mode 100644 .context/lane-reports/LANE-NOTES-web065-fix2b.md
 create mode 100644 .context/lane-reports/LANE-RESULT-web065-fix2b.json
[0m
[0m# [0mTodos
[✓] Cerulean text on light backgrounds → --do-text-cerulean
[✓] Hard-coded greys (#a7b8c1, #5c7d8c, #5a7d8f, #486a7b) → correct tokens
[✓] Analytics scripts afterInteractive → lazyOnload
[✓] Run tsc and npm run build
[✓] Commit and write lane reports
[0m
[0m$ [0mgit -C "D:\apps\worktrees\decoded-ops-website\web065-tech-seo" log --oneline -3
7b265b3 docs: lane report for web065-fix2b
da21301 fix(a11y): cerulean text shade + remaining low-contrast greys (CR-WEB-065)
daca81c docs: lane report for web065-fix1
[0m
Lane complete. Two commits:

1. **`da21301`** — `fix(a11y): cerulean text shade + remaining low-contrast greys (CR-WEB-065)` — 43 files, 146 insertions, 143 deletions
2. **`7b265b3`** — `docs: lane report for web065-fix2b` — lane reports

**What changed:**
- ~80 `color: var(--do-cerulean)` instances across CSS and TSX → `var(--do-text-cerulean)` (#176f86, 5.45:1 on Off-White)
- `#a7b8c1` → `#c3d0d6` in LocationPage (2 instances)
- New `.text-cerulean` Tailwind utility class in globals.css
- GA4 + Ahrefs analytics `<Script>` tags: `afterInteractive` → `lazyOnload`

**Verification:** tsc clean, build clean (173 pages), escape grep: 0 remaining text-on-light cerulean instances.
